x:image,y:label
.\Back_R1\Back_R0_015.png,1
.\Front_R3\Front_R0_095.png,11
.\Top_R1\Top_R0_002.png,21
.\Front_R2\Front_R0_082.png,10
.\Top_R1\Top_R0_031.png,21
.\Left_R0\Left_R0_098.png,12
.\Front_R0\Front_R0_030.png,8
.\Front_R3\Front_R0_036.png,11
.\Back_R1\Back_R0_079.png,1
.\Bottom_R1\Bottom_R0_068.png,5
.\Back_R1\Back_R0_117.png,1
.\Back_R3\Back_R0_091.png,3
.\empty\Empty_224.png,24
.\Bottom_R0\Bottom_R0_062.png,4
.\Back_R1\Back_R0_069.png,1
.\Bottom_R3\Bottom_R0_073.png,7
.\Bottom_R3\Bottom_R0_056.png,7
.\Right_R2\Right_R0_059.png,18
.\Right_R1\Right_R0_043.png,17
.\Right_R3\Right_R0_092.png,19
.\Back_R3\Back_R0_080.png,3
.\Top_R0\Top_R0_044.png,20
.\Back_R1\Back_R0_108.png,1
.\Front_R1\Front_R0_010.png,9
.\Left_R2\Left_R0_087.png,14
.\Left_R1\Left_R0_027.png,13
.\Left_R3\Left_R0_076.png,15
.\Top_R0\Top_R0_100.png,20
.\Right_R2\Right_R0_064.png,18
.\Right_R2\Right_R0_099.png,18
.\Right_R1\Right_R0_061.png,17
.\Bottom_R1\Bottom_R0_039.png,5
.\Back_R2\Back_R0_110.png,2
.\Right_R1\Right_R0_070.png,17
.\Front_R0\Front_R0_038.png,8
.\Right_R2\Right_R0_005.png,18
.\Front_R2\Front_R0_016.png,10
.\Left_R0\Left_R0_045.png,12
.\Left_R2\Left_R0_097.png,14
.\Back_R0\Back_R0_060.png,0
.\empty\Empty_073.png,24
.\Right_R1\Right_R0_011.png,17
.\Front_R3\Front_R0_007.png,11
.\Bottom_R3\Bottom_R0_102.png,7
.\Front_R1\Front_R0_028.png,9
.\Top_R1\Top_R0_008.png,21
.\empty\Empty_046.png,24
.\Left_R2\Left_R0_058.png,14
.\Bottom_R2\Bottom_R0_051.png,6
.\Bottom_R0\Bottom_R0_053.png,4
.\Top_R1\Top_R0_024.png,21
.\Left_R1\Left_R0_010.png,13
.\Left_R1\Left_R0_001.png,13
.\Left_R3\Left_R0_000.png,15
.\Back_R3\Back_R0_024.png,3
.\Right_R0\Right_R0_020.png,16
.\Top_R3\Top_R0_067.png,23
.\Top_R2\Top_R0_077.png,22
.\Left_R2\Left_R0_035.png,14
.\Bottom_R1\Bottom_R0_063.png,5
.\Top_R0\Top_R0_101.png,20
.\Left_R3\Left_R0_044.png,15
.\Right_R3\Right_R0_002.png,19
.\Front_R3\Front_R0_068.png,11
.\empty\Empty_047.png,24
.\Left_R0\Left_R0_110.png,12
.\Left_R1\Left_R0_067.png,13
.\Top_R0\Top_R0_111.png,20
.\Front_R2\Front_R0_062.png,10
.\empty\Empty_147.png,24
.\Front_R1\Front_R0_076.png,9
.\Right_R0\Right_R0_050.png,16
.\Right_R2\Right_R0_047.png,18
.\Right_R1\Right_R0_073.png,17
.\Front_R3\Front_R0_048.png,11
.\Right_R1\Right_R0_033.png,17
.\Right_R2\Right_R0_038.png,18
.\Back_R2\Back_R0_104.png,2
.\Back_R1\Back_R0_066.png,1
.\Back_R1\Back_R0_116.png,1
.\Front_R1\Front_R0_066.png,9
.\Left_R0\Left_R0_008.png,12
.\Top_R3\Top_R0_060.png,23
.\Top_R0\Top_R0_064.png,20
.\Left_R0\Left_R0_089.png,12
.\Top_R2\Top_R0_055.png,22
.\empty\Empty_065.png,24
.\Front_R2\Front_R0_085.png,10
.\Left_R1\Left_R0_066.png,13
.\Back_R3\Back_R0_127.png,3
.\Bottom_R1\Bottom_R0_019.png,5
.\Back_R2\Back_R0_077.png,2
.\Right_R2\Right_R0_080.png,18
.\Top_R2\Top_R0_045.png,22
.\Back_R0\Back_R0_076.png,0
.\Front_R3\Front_R0_032.png,11
.\Back_R2\Back_R0_056.png,2
.\Left_R2\Left_R0_067.png,14
.\Top_R2\Top_R0_070.png,22
.\Back_R1\Back_R0_022.png,1
.\Right_R0\Right_R0_100.png,16
.\empty\Empty_196.png,24
.\Front_R2\Front_R0_118.png,10
.\Right_R0\Right_R0_003.png,16
.\Left_R2\Left_R0_088.png,14
.\Bottom_R2\Bottom_R0_102.png,6
.\Top_R3\Top_R0_082.png,23
.\Back_R3\Back_R0_007.png,3
.\Front_R0\Front_R0_110.png,8
.\empty\Empty_171.png,24
.\Front_R2\Front_R0_043.png,10
.\empty\Empty_209.png,24
.\empty\Empty_234.png,24
.\Bottom_R0\Bottom_R0_099.png,4
.\Bottom_R2\Bottom_R0_044.png,6
.\empty\Empty_289.png,24
.\Bottom_R1\Bottom_R0_004.png,5
.\Front_R1\Front_R0_095.png,9
.\Left_R0\Left_R0_018.png,12
.\Right_R0\Right_R0_083.png,16
.\Left_R0\Left_R0_001.png,12
.\empty\Empty_127.png,24
.\Left_R3\Left_R0_061.png,15
.\Back_R2\Back_R0_059.png,2
.\Right_R3\Right_R0_013.png,19
.\Right_R1\Right_R0_027.png,17
.\Bottom_R2\Bottom_R0_010.png,6
.\Right_R1\Right_R0_077.png,17
.\Left_R1\Left_R0_117.png,13
.\Back_R0\Back_R0_059.png,0
.\empty\Empty_268.png,24
.\Left_R3\Left_R0_107.png,15
.\Top_R3\Top_R0_024.png,23
.\Top_R3\Top_R0_045.png,23
.\Left_R1\Left_R0_103.png,13
.\Bottom_R1\Bottom_R0_102.png,5
.\Back_R1\Back_R0_061.png,1
.\Back_R3\Back_R0_066.png,3
.\Front_R0\Front_R0_113.png,8
.\Back_R1\Back_R0_052.png,1
.\Bottom_R0\Bottom_R0_037.png,4
.\Front_R0\Front_R0_102.png,8
.\Top_R0\Top_R0_026.png,20
.\Left_R1\Left_R0_017.png,13
.\empty\Empty_254.png,24
.\Front_R2\Front_R0_052.png,10
.\empty\Empty_316.png,24
.\Top_R3\Top_R0_117.png,23
.\Bottom_R1\Bottom_R0_008.png,5
.\Front_R3\Front_R0_096.png,11
.\Right_R2\Right_R0_093.png,18
.\empty\Empty_072.png,24
.\Right_R1\Right_R0_056.png,17
.\Right_R3\Right_R0_007.png,19
.\Top_R3\Top_R0_101.png,23
.\Back_R3\Back_R0_025.png,3
.\empty\Empty_248.png,24
.\Bottom_R2\Bottom_R0_039.png,6
.\Right_R2\Right_R0_103.png,18
.\Bottom_R1\Bottom_R0_083.png,5
.\Left_R0\Left_R0_105.png,12
.\Back_R0\Back_R0_121.png,0
.\Bottom_R1\Bottom_R0_101.png,5
.\Front_R1\Front_R0_053.png,9
.\Right_R0\Right_R0_035.png,16
.\Right_R3\Right_R0_095.png,19
.\Right_R1\Right_R0_030.png,17
.\empty\Empty_233.png,24
.\empty\Empty_214.png,24
.\Right_R3\Right_R0_036.png,19
.\Back_R2\Back_R0_069.png,2
.\Front_R3\Front_R0_125.png,11
.\Bottom_R0\Bottom_R0_090.png,4
.\Back_R0\Back_R0_006.png,0
.\Left_R1\Left_R0_063.png,13
.\Left_R0\Left_R0_051.png,12
.\Top_R0\Top_R0_061.png,20
.\Back_R1\Back_R0_036.png,1
.\Top_R0\Top_R0_080.png,20
.\Top_R1\Top_R0_114.png,21
.\Left_R2\Left_R0_112.png,14
.\Front_R0\Front_R0_023.png,8
.\Top_R0\Top_R0_066.png,20
.\Top_R0\Top_R0_030.png,20
.\Top_R3\Top_R0_098.png,23
.\Back_R2\Back_R0_070.png,2
.\Front_R0\Front_R0_121.png,8
.\Front_R0\Front_R0_103.png,8
.\Bottom_R0\Bottom_R0_039.png,4
.\Right_R2\Right_R0_058.png,18
.\Top_R1\Top_R0_028.png,21
.\Top_R3\Top_R0_046.png,23
.\Back_R1\Back_R0_082.png,1
.\Front_R3\Front_R0_040.png,11
.\Top_R0\Top_R0_103.png,20
.\Top_R1\Top_R0_074.png,21
.\Back_R3\Back_R0_107.png,3
.\Top_R0\Top_R0_040.png,20
.\Top_R2\Top_R0_103.png,22
.\Bottom_R2\Bottom_R0_069.png,6
.\Bottom_R0\Bottom_R0_104.png,4
.\Right_R2\Right_R0_011.png,18
.\Bottom_R1\Bottom_R0_065.png,5
.\Back_R0\Back_R0_089.png,0
.\empty\Empty_315.png,24
.\Top_R2\Top_R0_080.png,22
.\Right_R3\Right_R0_093.png,19
.\Top_R2\Top_R0_029.png,22
.\Right_R3\Right_R0_068.png,19
.\Right_R0\Right_R0_044.png,16
.\empty\Empty_285.png,24
.\Front_R3\Front_R0_022.png,11
.\Front_R2\Front_R0_042.png,10
.\Top_R1\Top_R0_082.png,21
.\Left_R0\Left_R0_072.png,12
.\Bottom_R1\Bottom_R0_026.png,5
.\Back_R0\Back_R0_108.png,0
.\Back_R0\Back_R0_111.png,0
.\Front_R1\Front_R0_088.png,9
.\Top_R0\Top_R0_017.png,20
.\Right_R3\Right_R0_038.png,19
.\Back_R1\Back_R0_053.png,1
.\Back_R2\Back_R0_114.png,2
.\Right_R0\Right_R0_001.png,16
.\Top_R2\Top_R0_019.png,22
.\empty\Empty_168.png,24
.\Left_R3\Left_R0_038.png,15
.\Right_R2\Right_R0_100.png,18
.\Front_R3\Front_R0_104.png,11
.\Bottom_R1\Bottom_R0_066.png,5
.\Left_R3\Left_R0_092.png,15
.\Left_R0\Left_R0_078.png,12
.\Bottom_R3\Bottom_R0_078.png,7
.\Right_R1\Right_R0_058.png,17
.\Top_R1\Top_R0_012.png,21
.\empty\Empty_203.png,24
.\Front_R1\Front_R0_016.png,9
.\Top_R3\Top_R0_077.png,23
.\Left_R1\Left_R0_044.png,13
.\Back_R3\Back_R0_069.png,3
.\Front_R2\Front_R0_067.png,10
.\Back_R0\Back_R0_073.png,0
.\Back_R1\Back_R0_074.png,1
.\Right_R1\Right_R0_020.png,17
.\Back_R2\Back_R0_003.png,2
.\Back_R3\Back_R0_123.png,3
.\Right_R2\Right_R0_020.png,18
.\Top_R1\Top_R0_091.png,21
.\empty\Empty_282.png,24
.\Left_R1\Left_R0_068.png,13
.\empty\Empty_150.png,24
.\Top_R1\Top_R0_103.png,21
.\Left_R0\Left_R0_017.png,12
.\Top_R3\Top_R0_057.png,23
.\Back_R3\Back_R0_115.png,3
.\empty\Empty_313.png,24
.\empty\Empty_135.png,24
.\Back_R1\Back_R0_077.png,1
.\Left_R2\Left_R0_065.png,14
.\Right_R0\Right_R0_092.png,16
.\Top_R3\Top_R0_030.png,23
.\empty\Empty_299.png,24
.\Right_R2\Right_R0_082.png,18
.\Front_R3\Front_R0_046.png,11
.\Top_R3\Top_R0_015.png,23
.\Back_R3\Back_R0_062.png,3
.\Right_R3\Right_R0_026.png,19
.\Bottom_R1\Bottom_R0_038.png,5
.\Top_R1\Top_R0_096.png,21
.\Left_R2\Left_R0_061.png,14
.\Back_R2\Back_R0_073.png,2
.\Right_R3\Right_R0_047.png,19
.\Right_R0\Right_R0_043.png,16
.\Right_R1\Right_R0_032.png,17
.\Front_R3\Front_R0_093.png,11
.\Right_R0\Right_R0_027.png,16
.\Back_R2\Back_R0_065.png,2
.\Front_R2\Front_R0_071.png,10
.\Right_R2\Right_R0_057.png,18
.\Bottom_R1\Bottom_R0_043.png,5
.\Right_R0\Right_R0_075.png,16
.\Top_R3\Top_R0_053.png,23
.\Bottom_R0\Bottom_R0_022.png,4
.\Left_R2\Left_R0_002.png,14
.\Left_R2\Left_R0_108.png,14
.\Top_R0\Top_R0_052.png,20
.\Right_R0\Right_R0_070.png,16
.\Front_R1\Front_R0_043.png,9
.\Top_R2\Top_R0_073.png,22
.\Top_R2\Top_R0_085.png,22
.\empty\Empty_156.png,24
.\Top_R1\Top_R0_097.png,21
.\Left_R0\Left_R0_118.png,12
.\empty\Empty_157.png,24
.\Back_R0\Back_R0_000.png,0
.\Left_R1\Left_R0_007.png,13
.\Top_R2\Top_R0_001.png,22
.\Left_R0\Left_R0_075.png,12
.\Bottom_R0\Bottom_R0_016.png,4
.\Top_R3\Top_R0_039.png,23
.\Front_R0\Front_R0_026.png,8
.\Left_R2\Left_R0_027.png,14
.\Top_R1\Top_R0_115.png,21
.\Front_R0\Front_R0_081.png,8
.\Front_R0\Front_R0_055.png,8
.\Top_R0\Top_R0_096.png,20
.\Back_R0\Back_R0_096.png,0
.\Left_R1\Left_R0_013.png,13
.\Top_R1\Top_R0_053.png,21
.\empty\Empty_104.png,24
.\empty\Empty_030.png,24
.\empty\Empty_090.png,24
.\Bottom_R1\Bottom_R0_011.png,5
.\Front_R3\Front_R0_080.png,11
.\Bottom_R3\Bottom_R0_017.png,7
.\Front_R0\Front_R0_042.png,8
.\empty\Empty_044.png,24
.\Right_R2\Right_R0_010.png,18
.\empty\Empty_178.png,24
.\Left_R2\Left_R0_063.png,14
.\Top_R3\Top_R0_012.png,23
.\Front_R3\Front_R0_024.png,11
.\Top_R1\Top_R0_070.png,21
.\Bottom_R2\Bottom_R0_004.png,6
.\empty\Empty_281.png,24
.\Left_R0\Left_R0_029.png,12
.\Bottom_R3\Bottom_R0_004.png,7
.\Left_R1\Left_R0_095.png,13
.\Right_R1\Right_R0_090.png,17
.\Front_R2\Front_R0_078.png,10
.\Right_R3\Right_R0_058.png,19
.\Right_R0\Right_R0_006.png,16
.\Bottom_R2\Bottom_R0_023.png,6
.\Left_R3\Left_R0_005.png,15
.\Back_R0\Back_R0_107.png,0
.\Front_R2\Front_R0_084.png,10
.\Top_R1\Top_R0_039.png,21
.\Left_R3\Left_R0_101.png,15
.\Back_R3\Back_R0_002.png,3
.\Bottom_R0\Bottom_R0_069.png,4
.\Left_R0\Left_R0_042.png,12
.\Front_R1\Front_R0_077.png,9
.\Right_R2\Right_R0_098.png,18
.\Front_R2\Front_R0_020.png,10
.\Back_R0\Back_R0_051.png,0
.\Top_R2\Top_R0_005.png,22
.\Back_R2\Back_R0_078.png,2
.\Bottom_R2\Bottom_R0_028.png,6
.\Right_R3\Right_R0_056.png,19
.\Right_R2\Right_R0_063.png,18
.\Left_R2\Left_R0_119.png,14
.\Bottom_R0\Bottom_R0_000.png,4
.\Left_R3\Left_R0_091.png,15
.\Top_R1\Top_R0_034.png,21
.\Right_R0\Right_R0_019.png,16
.\Right_R1\Right_R0_029.png,17
.\Top_R2\Top_R0_090.png,22
.\Front_R2\Front_R0_066.png,10
.\Top_R2\Top_R0_016.png,22
.\Top_R3\Top_R0_094.png,23
.\Back_R1\Back_R0_118.png,1
.\Left_R3\Left_R0_013.png,15
.\Top_R1\Top_R0_000.png,21
.\Bottom_R1\Bottom_R0_018.png,5
.\Back_R2\Back_R0_081.png,2
.\Right_R1\Right_R0_031.png,17
.\Bottom_R0\Bottom_R0_046.png,4
.\Bottom_R1\Bottom_R0_086.png,5
.\Left_R0\Left_R0_057.png,12
.\Front_R1\Front_R0_106.png,9
.\Left_R3\Left_R0_059.png,15
.\Left_R1\Left_R0_105.png,13
.\Top_R3\Top_R0_043.png,23
.\Front_R1\Front_R0_107.png,9
.\Right_R0\Right_R0_015.png,16
.\Right_R0\Right_R0_058.png,16
.\Right_R1\Right_R0_103.png,17
.\Front_R0\Front_R0_099.png,8
.\Front_R3\Front_R0_075.png,11
.\Left_R0\Left_R0_030.png,12
.\Right_R2\Right_R0_007.png,18
.\Top_R3\Top_R0_096.png,23
.\Left_R1\Left_R0_002.png,13
.\Bottom_R0\Bottom_R0_100.png,4
.\Front_R2\Front_R0_097.png,10
.\Bottom_R1\Bottom_R0_081.png,5
.\Bottom_R3\Bottom_R0_030.png,7
.\Bottom_R2\Bottom_R0_033.png,6
.\Back_R0\Back_R0_068.png,0
.\Back_R0\Back_R0_082.png,0
.\Left_R3\Left_R0_017.png,15
.\Right_R2\Right_R0_031.png,18
.\Top_R3\Top_R0_059.png,23
.\Right_R1\Right_R0_053.png,17
.\empty\Empty_169.png,24
.\Bottom_R3\Bottom_R0_003.png,7
.\Back_R2\Back_R0_125.png,2
.\Front_R3\Front_R0_026.png,11
.\Left_R3\Left_R0_029.png,15
.\Right_R2\Right_R0_033.png,18
.\Front_R0\Front_R0_032.png,8
.\Back_R1\Back_R0_075.png,1
.\Right_R1\Right_R0_035.png,17
.\Top_R3\Top_R0_065.png,23
.\Back_R2\Back_R0_005.png,2
.\Back_R3\Back_R0_021.png,3
.\Left_R0\Left_R0_111.png,12
.\Front_R2\Front_R0_119.png,10
.\Bottom_R3\Bottom_R0_059.png,7
.\Front_R1\Front_R0_051.png,9
.\Front_R2\Front_R0_100.png,10
.\Front_R1\Front_R0_072.png,9
.\Right_R2\Right_R0_053.png,18
.\empty\Empty_161.png,24
.\Bottom_R0\Bottom_R0_077.png,4
.\Front_R0\Front_R0_082.png,8
.\Left_R3\Left_R0_063.png,15
.\Front_R2\Front_R0_054.png,10
.\Left_R3\Left_R0_062.png,15
.\Top_R2\Top_R0_062.png,22
.\Back_R1\Back_R0_122.png,1
.\Back_R2\Back_R0_047.png,2
.\Right_R3\Right_R0_074.png,19
.\Front_R1\Front_R0_034.png,9
.\Back_R2\Back_R0_052.png,2
.\Top_R1\Top_R0_116.png,21
.\Right_R1\Right_R0_026.png,17
.\Bottom_R3\Bottom_R0_024.png,7
.\Right_R2\Right_R0_021.png,18
.\empty\Empty_195.png,24
.\Right_R0\Right_R0_031.png,16
.\Front_R3\Front_R0_017.png,11
.\Front_R0\Front_R0_065.png,8
.\empty\Empty_274.png,24
.\Top_R0\Top_R0_014.png,20
.\Left_R2\Left_R0_113.png,14
.\empty\Empty_118.png,24
.\Front_R1\Front_R0_046.png,9
.\empty\Empty_172.png,24
.\Bottom_R2\Bottom_R0_070.png,6
.\Top_R2\Top_R0_032.png,22
.\Top_R3\Top_R0_088.png,23
.\Bottom_R3\Bottom_R0_044.png,7
.\Bottom_R3\Bottom_R0_080.png,7
.\Bottom_R0\Bottom_R0_006.png,4
.\Top_R0\Top_R0_107.png,20
.\Right_R3\Right_R0_003.png,19
.\Bottom_R2\Bottom_R0_014.png,6
.\Bottom_R0\Bottom_R0_051.png,4
.\empty\Empty_164.png,24
.\Back_R1\Back_R0_111.png,1
.\Back_R3\Back_R0_078.png,3
.\Top_R2\Top_R0_010.png,22
.\Top_R0\Top_R0_058.png,20
.\empty\Empty_253.png,24
.\Bottom_R0\Bottom_R0_068.png,4
.\empty\Empty_062.png,24
.\Right_R2\Right_R0_029.png,18
.\empty\Empty_327.png,24
.\Back_R3\Back_R0_006.png,3
.\Left_R0\Left_R0_010.png,12
.\Back_R1\Back_R0_071.png,1
.\Right_R1\Right_R0_012.png,17
.\Front_R1\Front_R0_079.png,9
.\empty\Empty_302.png,24
.\Back_R3\Back_R0_041.png,3
.\Top_R0\Top_R0_116.png,20
.\empty\Empty_070.png,24
.\Right_R2\Right_R0_079.png,18
.\Right_R0\Right_R0_012.png,16
.\Top_R3\Top_R0_084.png,23
.\empty\Empty_197.png,24
.\Back_R3\Back_R0_005.png,3
.\Right_R2\Right_R0_023.png,18
.\Top_R1\Top_R0_025.png,21
.\Front_R3\Front_R0_065.png,11
.\Left_R2\Left_R0_039.png,14
.\Left_R2\Left_R0_079.png,14
.\Left_R3\Left_R0_024.png,15
.\Top_R0\Top_R0_071.png,20
.\empty\Empty_097.png,24
.\Bottom_R2\Bottom_R0_061.png,6
.\empty\Empty_125.png,24
.\Back_R1\Back_R0_054.png,1
.\empty\Empty_237.png,24
.\Right_R3\Right_R0_069.png,19
.\Left_R3\Left_R0_045.png,15
.\Left_R2\Left_R0_013.png,14
.\empty\Empty_094.png,24
.\Front_R3\Front_R0_069.png,11
.\Back_R2\Back_R0_091.png,2
.\Bottom_R2\Bottom_R0_081.png,6
.\Front_R0\Front_R0_069.png,8
.\Left_R1\Left_R0_073.png,13
.\Front_R1\Front_R0_037.png,9
.\Bottom_R1\Bottom_R0_099.png,5
.\empty\Empty_077.png,24
.\Right_R2\Right_R0_055.png,18
.\Left_R1\Left_R0_074.png,13
.\Front_R3\Front_R0_044.png,11
.\Left_R1\Left_R0_091.png,13
.\Top_R2\Top_R0_063.png,22
.\Top_R0\Top_R0_078.png,20
.\Top_R2\Top_R0_059.png,22
.\Top_R0\Top_R0_006.png,20
.\Left_R1\Left_R0_085.png,13
.\Bottom_R1\Bottom_R0_090.png,5
.\Front_R0\Front_R0_011.png,8
.\Bottom_R1\Bottom_R0_015.png,5
.\Right_R3\Right_R0_006.png,19
.\empty\Empty_291.png,24
.\empty\Empty_027.png,24
.\Back_R2\Back_R0_033.png,2
.\empty\Empty_018.png,24
.\Right_R3\Right_R0_020.png,19
.\Top_R1\Top_R0_019.png,21
.\Right_R0\Right_R0_004.png,16
.\Top_R3\Top_R0_056.png,23
.\Bottom_R0\Bottom_R0_050.png,4
.\Front_R0\Front_R0_009.png,8
.\Front_R3\Front_R0_109.png,11
.\Back_R1\Back_R0_031.png,1
.\Right_R0\Right_R0_102.png,16
.\Back_R1\Back_R0_123.png,1
.\Top_R1\Top_R0_085.png,21
.\Bottom_R3\Bottom_R0_010.png,7
.\Right_R3\Right_R0_028.png,19
.\Top_R1\Top_R0_014.png,21
.\Top_R2\Top_R0_041.png,22
.\Top_R0\Top_R0_118.png,20
.\Bottom_R0\Bottom_R0_020.png,4
.\Back_R0\Back_R0_005.png,0
.\Front_R2\Front_R0_049.png,10
.\Left_R2\Left_R0_110.png,14
.\Left_R0\Left_R0_093.png,12
.\Left_R3\Left_R0_027.png,15
.\Back_R1\Back_R0_003.png,1
.\Top_R1\Top_R0_018.png,21
.\Left_R2\Left_R0_040.png,14
.\Back_R3\Back_R0_055.png,3
.\Back_R3\Back_R0_016.png,3
.\Back_R1\Back_R0_121.png,1
.\Top_R3\Top_R0_091.png,23
.\Back_R3\Back_R0_061.png,3
.\Front_R0\Front_R0_052.png,8
.\Bottom_R1\Bottom_R0_087.png,5
.\Right_R0\Right_R0_103.png,16
.\Right_R0\Right_R0_017.png,16
.\empty\Empty_319.png,24
.\Front_R1\Front_R0_087.png,9
.\Top_R0\Top_R0_109.png,20
.\Front_R0\Front_R0_025.png,8
.\Front_R2\Front_R0_010.png,10
.\empty\Empty_180.png,24
.\Bottom_R3\Bottom_R0_087.png,7
.\Back_R3\Back_R0_098.png,3
.\Bottom_R3\Bottom_R0_092.png,7
.\Front_R1\Front_R0_108.png,9
.\Top_R1\Top_R0_110.png,21
.\Front_R3\Front_R0_091.png,11
.\Front_R3\Front_R0_047.png,11
.\Left_R2\Left_R0_089.png,14
.\Top_R0\Top_R0_089.png,20
.\empty\Empty_010.png,24
.\Top_R1\Top_R0_006.png,21
.\Back_R0\Back_R0_071.png,0
.\Back_R3\Back_R0_056.png,3
.\Right_R1\Right_R0_063.png,17
.\Back_R3\Back_R0_092.png,3
.\Right_R0\Right_R0_013.png,16
.\Right_R0\Right_R0_032.png,16
.\Back_R3\Back_R0_048.png,3
.\Front_R2\Front_R0_038.png,10
.\Right_R2\Right_R0_004.png,18
.\Top_R3\Top_R0_001.png,23
.\Right_R2\Right_R0_067.png,18
.\Left_R3\Left_R0_095.png,15
.\Bottom_R0\Bottom_R0_021.png,4
.\Front_R0\Front_R0_072.png,8
.\Right_R3\Right_R0_087.png,19
.\empty\Empty_089.png,24
.\empty\Empty_128.png,24
.\empty\Empty_103.png,24
.\Front_R0\Front_R0_022.png,8
.\Bottom_R0\Bottom_R0_103.png,4
.\Top_R0\Top_R0_007.png,20
.\Bottom_R2\Bottom_R0_042.png,6
.\Bottom_R1\Bottom_R0_033.png,5
.\Back_R2\Back_R0_004.png,2
.\Top_R0\Top_R0_042.png,20
.\Back_R0\Back_R0_125.png,0
.\Bottom_R0\Bottom_R0_061.png,4
.\Right_R1\Right_R0_079.png,17
.\Left_R0\Left_R0_003.png,12
.\Back_R0\Back_R0_110.png,0
.\Front_R3\Front_R0_030.png,11
.\Right_R1\Right_R0_045.png,17
.\Right_R1\Right_R0_006.png,17
.\Right_R3\Right_R0_104.png,19
.\Left_R3\Left_R0_011.png,15
.\Back_R3\Back_R0_114.png,3
.\Left_R2\Left_R0_083.png,14
.\Bottom_R2\Bottom_R0_072.png,6
.\Bottom_R2\Bottom_R0_035.png,6
.\Top_R2\Top_R0_050.png,22
.\empty\Empty_310.png,24
.\Front_R0\Front_R0_050.png,8
.\Right_R0\Right_R0_028.png,16
.\Right_R1\Right_R0_055.png,17
.\Top_R0\Top_R0_001.png,20
.\Back_R0\Back_R0_078.png,0
.\Left_R1\Left_R0_011.png,13
.\empty\Empty_003.png,24
.\Bottom_R2\Bottom_R0_090.png,6
.\Top_R0\Top_R0_074.png,20
.\Top_R2\Top_R0_115.png,22
.\Left_R2\Left_R0_078.png,14
.\Bottom_R3\Bottom_R0_028.png,7
.\Back_R2\Back_R0_057.png,2
.\Left_R0\Left_R0_070.png,12
.\Front_R3\Front_R0_012.png,11
.\Left_R3\Left_R0_086.png,15
.\Top_R2\Top_R0_012.png,22
.\Left_R2\Left_R0_015.png,14
.\Right_R2\Right_R0_060.png,18
.\Back_R2\Back_R0_084.png,2
.\Left_R3\Left_R0_052.png,15
.\Top_R1\Top_R0_092.png,21
.\Left_R3\Left_R0_065.png,15
.\Left_R0\Left_R0_079.png,12
.\Left_R0\Left_R0_012.png,12
.\Front_R2\Front_R0_035.png,10
.\Top_R0\Top_R0_045.png,20
.\empty\Empty_220.png,24
.\Bottom_R3\Bottom_R0_066.png,7
.\Left_R3\Left_R0_069.png,15
.\Right_R0\Right_R0_087.png,16
.\Front_R1\Front_R0_024.png,9
.\empty\Empty_142.png,24
.\Bottom_R2\Bottom_R0_022.png,6
.\Left_R3\Left_R0_014.png,15
.\Top_R1\Top_R0_095.png,21
.\Back_R0\Back_R0_064.png,0
.\Front_R3\Front_R0_074.png,11
.\Right_R0\Right_R0_056.png,16
.\Top_R3\Top_R0_119.png,23
.\Top_R0\Top_R0_037.png,20
.\empty\Empty_167.png,24
.\Top_R2\Top_R0_082.png,22
.\Left_R1\Left_R0_098.png,13
.\Right_R3\Right_R0_072.png,19
.\Top_R2\Top_R0_098.png,22
.\Right_R0\Right_R0_080.png,16
.\Bottom_R1\Bottom_R0_096.png,5
.\Back_R0\Back_R0_058.png,0
.\Top_R2\Top_R0_034.png,22
.\Top_R0\Top_R0_000.png,20
.\Top_R2\Top_R0_048.png,22
.\Bottom_R2\Bottom_R0_013.png,6
.\Top_R3\Top_R0_049.png,23
.\Back_R1\Back_R0_099.png,1
.\Front_R0\Front_R0_031.png,8
.\Back_R2\Back_R0_014.png,2
.\Bottom_R1\Bottom_R0_012.png,5
.\Right_R2\Right_R0_002.png,18
.\Bottom_R1\Bottom_R0_002.png,5
.\Front_R2\Front_R0_096.png,10
.\empty\Empty_295.png,24
.\Bottom_R3\Bottom_R0_081.png,7
.\Front_R0\Front_R0_024.png,8
.\Top_R1\Top_R0_093.png,21
.\Back_R3\Back_R0_011.png,3
.\Left_R1\Left_R0_087.png,13
.\Bottom_R0\Bottom_R0_088.png,4
.\Back_R2\Back_R0_041.png,2
.\Right_R3\Right_R0_024.png,19
.\Left_R1\Left_R0_077.png,13
.\empty\Empty_034.png,24
.\Front_R1\Front_R0_090.png,9
.\empty\Empty_057.png,24
.\Back_R1\Back_R0_083.png,1
.\Top_R3\Top_R0_097.png,23
.\Top_R2\Top_R0_097.png,22
.\Front_R3\Front_R0_043.png,11
.\Front_R3\Front_R0_013.png,11
.\Top_R1\Top_R0_058.png,21
.\Bottom_R1\Bottom_R0_032.png,5
.\Bottom_R3\Bottom_R0_079.png,7
.\Top_R1\Top_R0_051.png,21
.\Back_R1\Back_R0_046.png,1
.\Back_R0\Back_R0_033.png,0
.\Right_R2\Right_R0_074.png,18
.\Right_R3\Right_R0_083.png,19
.\Back_R2\Back_R0_016.png,2
.\Bottom_R3\Bottom_R0_034.png,7
.\Back_R0\Back_R0_099.png,0
.\Back_R3\Back_R0_036.png,3
.\Right_R3\Right_R0_089.png,19
.\empty\Empty_247.png,24
.\Top_R2\Top_R0_088.png,22
.\Left_R3\Left_R0_098.png,15
.\Front_R0\Front_R0_092.png,8
.\Back_R2\Back_R0_118.png,2
.\Front_R2\Front_R0_126.png,10
.\Top_R1\Top_R0_023.png,21
.\empty\Empty_304.png,24
.\empty\Empty_140.png,24
.\Top_R0\Top_R0_054.png,20
.\Back_R3\Back_R0_097.png,3
.\Right_R0\Right_R0_026.png,16
.\Top_R0\Top_R0_070.png,20
.\Bottom_R3\Bottom_R0_033.png,7
.\Left_R1\Left_R0_060.png,13
.\Front_R1\Front_R0_013.png,9
.\Left_R3\Left_R0_097.png,15
.\empty\Empty_116.png,24
.\Right_R2\Right_R0_095.png,18
.\Top_R1\Top_R0_109.png,21
.\Left_R3\Left_R0_090.png,15
.\Bottom_R3\Bottom_R0_002.png,7
.\Front_R3\Front_R0_073.png,11
.\Front_R0\Front_R0_059.png,8
.\Right_R3\Right_R0_048.png,19
.\Back_R0\Back_R0_049.png,0
.\Bottom_R2\Bottom_R0_005.png,6
.\Back_R1\Back_R0_013.png,1
.\Bottom_R2\Bottom_R0_029.png,6
.\Bottom_R0\Bottom_R0_083.png,4
.\empty\Empty_009.png,24
.\empty\Empty_096.png,24
.\Front_R2\Front_R0_098.png,10
.\Back_R1\Back_R0_026.png,1
.\Bottom_R3\Bottom_R0_013.png,7
.\Back_R0\Back_R0_087.png,0
.\Left_R1\Left_R0_054.png,13
.\empty\Empty_132.png,24
.\Top_R0\Top_R0_098.png,20
.\Left_R2\Left_R0_101.png,14
.\empty\Empty_305.png,24
.\Front_R3\Front_R0_062.png,11
.\Bottom_R1\Bottom_R0_045.png,5
.\empty\Empty_182.png,24
.\Right_R3\Right_R0_055.png,19
.\Left_R2\Left_R0_049.png,14
.\Top_R2\Top_R0_031.png,22
.\empty\Empty_292.png,24
.\empty\Empty_189.png,24
.\Right_R0\Right_R0_039.png,16
.\Front_R0\Front_R0_089.png,8
.\Top_R2\Top_R0_028.png,22
.\Top_R2\Top_R0_058.png,22
.\Front_R3\Front_R0_063.png,11
.\empty\Empty_066.png,24
.\Back_R2\Back_R0_108.png,2
.\Back_R3\Back_R0_003.png,3
.\Bottom_R1\Bottom_R0_079.png,5
.\Front_R3\Front_R0_117.png,11
.\Front_R1\Front_R0_008.png,9
.\Front_R1\Front_R0_033.png,9
.\Right_R3\Right_R0_004.png,19
.\Back_R1\Back_R0_055.png,1
.\Right_R2\Right_R0_052.png,18
.\Right_R0\Right_R0_088.png,16
.\Back_R3\Back_R0_108.png,3
.\Bottom_R2\Bottom_R0_096.png,6
.\Bottom_R1\Bottom_R0_070.png,5
.\empty\Empty_186.png,24
.\Back_R0\Back_R0_048.png,0
.\Back_R2\Back_R0_051.png,2
.\Top_R0\Top_R0_015.png,20
.\Right_R3\Right_R0_018.png,19
.\Left_R0\Left_R0_073.png,12
.\Front_R0\Front_R0_015.png,8
.\Back_R1\Back_R0_113.png,1
.\Bottom_R0\Bottom_R0_036.png,4
.\empty\Empty_080.png,24
.\empty\Empty_026.png,24
.\Left_R1\Left_R0_071.png,13
.\Left_R2\Left_R0_020.png,14
.\Top_R0\Top_R0_010.png,20
.\Left_R2\Left_R0_042.png,14
.\Top_R3\Top_R0_072.png,23
.\Front_R0\Front_R0_096.png,8
.\Top_R1\Top_R0_080.png,21
.\Left_R1\Left_R0_115.png,13
.\Front_R1\Front_R0_070.png,9
.\Back_R2\Back_R0_028.png,2
.\Front_R0\Front_R0_016.png,8
.\empty\Empty_098.png,24
.\empty\Empty_139.png,24
.\Top_R1\Top_R0_073.png,21
.\Front_R2\Front_R0_053.png,10
.\Left_R0\Left_R0_028.png,12
.\Left_R2\Left_R0_007.png,14
.\Top_R3\Top_R0_106.png,23
.\Top_R0\Top_R0_020.png,20
.\Left_R0\Left_R0_041.png,12
.\empty\Empty_238.png,24
.\Back_R2\Back_R0_127.png,2
.\Back_R2\Back_R0_035.png,2
.\Front_R0\Front_R0_106.png,8
.\Right_R2\Right_R0_018.png,18
.\Right_R2\Right_R0_085.png,18
.\Front_R1\Front_R0_055.png,9
.\Bottom_R0\Bottom_R0_078.png,4
.\empty\Empty_017.png,24
.\Back_R1\Back_R0_087.png,1
.\Bottom_R3\Bottom_R0_093.png,7
.\Bottom_R3\Bottom_R0_049.png,7
.\Bottom_R3\Bottom_R0_043.png,7
.\Front_R3\Front_R0_061.png,11
.\Top_R2\Top_R0_111.png,22
.\Left_R2\Left_R0_071.png,14
.\Right_R2\Right_R0_022.png,18
.\empty\Empty_308.png,24
.\Left_R3\Left_R0_067.png,15
.\Right_R2\Right_R0_077.png,18
.\empty\Empty_084.png,24
.\Back_R0\Back_R0_122.png,0
.\Back_R0\Back_R0_116.png,0
.\Front_R3\Front_R0_071.png,11
.\Right_R0\Right_R0_064.png,16
.\Bottom_R3\Bottom_R0_036.png,7
.\Top_R2\Top_R0_075.png,22
.\Top_R3\Top_R0_090.png,23
.\Back_R1\Back_R0_012.png,1
.\Top_R1\Top_R0_045.png,21
.\empty\Empty_314.png,24
.\Right_R3\Right_R0_062.png,19
.\Front_R0\Front_R0_020.png,8
.\Right_R0\Right_R0_069.png,16
.\Back_R1\Back_R0_009.png,1
.\Right_R0\Right_R0_005.png,16
.\Back_R1\Back_R0_080.png,1
.\Front_R2\Front_R0_080.png,10
.\Front_R3\Front_R0_118.png,11
.\empty\Empty_032.png,24
.\Top_R2\Top_R0_008.png,22
.\Bottom_R2\Bottom_R0_108.png,6
.\empty\Empty_006.png,24
.\Back_R1\Back_R0_124.png,1
.\Right_R0\Right_R0_057.png,16
.\empty\Empty_012.png,24
.\Bottom_R3\Bottom_R0_038.png,7
.\Bottom_R0\Bottom_R0_058.png,4
.\Back_R1\Back_R0_021.png,1
.\Bottom_R1\Bottom_R0_100.png,5
.\Top_R0\Top_R0_092.png,20
.\Left_R2\Left_R0_114.png,14
.\Top_R2\Top_R0_091.png,22
.\Front_R2\Front_R0_033.png,10
.\Top_R0\Top_R0_076.png,20
.\Bottom_R1\Bottom_R0_046.png,5
.\Left_R1\Left_R0_093.png,13
.\Bottom_R1\Bottom_R0_020.png,5
.\Left_R3\Left_R0_066.png,15
.\Right_R2\Right_R0_001.png,18
.\Back_R0\Back_R0_106.png,0
.\Back_R1\Back_R0_001.png,1
.\Front_R0\Front_R0_027.png,8
.\Top_R1\Top_R0_011.png,21
.\Back_R1\Back_R0_114.png,1
.\Right_R1\Right_R0_002.png,17
.\Top_R0\Top_R0_119.png,20
.\Back_R2\Back_R0_090.png,2
.\Top_R2\Top_R0_078.png,22
.\empty\Empty_221.png,24
.\Front_R1\Front_R0_021.png,9
.\Top_R2\Top_R0_072.png,22
.\Bottom_R0\Bottom_R0_007.png,4
.\Front_R2\Front_R0_007.png,10
.\Back_R0\Back_R0_065.png,0
.\Top_R3\Top_R0_028.png,23
.\Right_R0\Right_R0_101.png,16
.\Front_R2\Front_R0_003.png,10
.\empty\Empty_023.png,24
.\Bottom_R3\Bottom_R0_107.png,7
.\Front_R0\Front_R0_101.png,8
.\Back_R1\Back_R0_125.png,1
.\Top_R3\Top_R0_070.png,23
.\Right_R1\Right_R0_101.png,17
.\Left_R2\Left_R0_019.png,14
.\Left_R3\Left_R0_037.png,15
.\Right_R2\Right_R0_030.png,18
.\Back_R1\Back_R0_063.png,1
.\Top_R1\Top_R0_003.png,21
.\Top_R1\Top_R0_049.png,21
.\Top_R0\Top_R0_028.png,20
.\empty\Empty_280.png,24
.\Back_R1\Back_R0_000.png,1
.\Back_R3\Back_R0_029.png,3
.\Top_R2\Top_R0_039.png,22
.\Front_R0\Front_R0_012.png,8
.\Top_R3\Top_R0_021.png,23
.\Left_R1\Left_R0_099.png,13
.\Front_R2\Front_R0_111.png,10
.\Right_R2\Right_R0_019.png,18
.\Back_R3\Back_R0_085.png,3
.\Left_R3\Left_R0_041.png,15
.\Front_R2\Front_R0_123.png,10
.\Bottom_R3\Bottom_R0_085.png,7
.\Left_R1\Left_R0_035.png,13
.\Top_R2\Top_R0_046.png,22
.\empty\Empty_144.png,24
.\empty\Empty_322.png,24
.\Bottom_R2\Bottom_R0_092.png,6
.\Right_R2\Right_R0_048.png,18
.\Back_R2\Back_R0_012.png,2
.\Front_R0\Front_R0_028.png,8
.\Bottom_R3\Bottom_R0_022.png,7
.\Front_R3\Front_R0_123.png,11
.\Front_R2\Front_R0_077.png,10
.\Top_R2\Top_R0_054.png,22
.\Right_R3\Right_R0_042.png,19
.\Front_R3\Front_R0_106.png,11
.\Bottom_R3\Bottom_R0_070.png,7
.\Left_R3\Left_R0_115.png,15
.\Left_R2\Left_R0_010.png,14
.\Left_R0\Left_R0_114.png,12
.\Left_R2\Left_R0_045.png,14
.\Left_R2\Left_R0_037.png,14
.\Front_R3\Front_R0_098.png,11
.\Bottom_R0\Bottom_R0_030.png,4
.\Front_R1\Front_R0_001.png,9
.\Bottom_R1\Bottom_R0_091.png,5
.\Back_R2\Back_R0_054.png,2
.\Back_R0\Back_R0_067.png,0
.\Back_R3\Back_R0_126.png,3
.\Front_R3\Front_R0_052.png,11
.\Back_R2\Back_R0_126.png,2
.\Back_R1\Back_R0_102.png,1
.\Left_R0\Left_R0_053.png,12
.\Bottom_R1\Bottom_R0_027.png,5
.\Bottom_R3\Bottom_R0_105.png,7
.\Left_R0\Left_R0_006.png,12
.\Left_R0\Left_R0_103.png,12
.\Right_R2\Right_R0_061.png,18
.\Left_R0\Left_R0_113.png,12
.\Top_R1\Top_R0_084.png,21
.\Top_R0\Top_R0_043.png,20
.\Front_R3\Front_R0_111.png,11
.\Back_R0\Back_R0_003.png,0
.\empty\Empty_185.png,24
.\Top_R0\Top_R0_008.png,20
.\Right_R0\Right_R0_048.png,16
.\Left_R1\Left_R0_118.png,13
.\Left_R2\Left_R0_084.png,14
.\Front_R3\Front_R0_128.png,11
.\Front_R2\Front_R0_037.png,10
.\Right_R1\Right_R0_095.png,17
.\Bottom_R0\Bottom_R0_047.png,4
.\Right_R1\Right_R0_093.png,17
.\Bottom_R1\Bottom_R0_078.png,5
.\Left_R3\Left_R0_010.png,15
.\Top_R0\Top_R0_048.png,20
.\empty\Empty_273.png,24
.\Front_R2\Front_R0_008.png,10
.\Back_R0\Back_R0_052.png,0
.\Bottom_R2\Bottom_R0_077.png,6
.\Front_R1\Front_R0_117.png,9
.\Back_R3\Back_R0_087.png,3
.\Back_R1\Back_R0_109.png,1
.\Back_R1\Back_R0_008.png,1
.\Top_R2\Top_R0_021.png,22
.\Bottom_R1\Bottom_R0_088.png,5
.\Right_R1\Right_R0_009.png,17
.\Top_R2\Top_R0_117.png,22
.\Front_R2\Front_R0_051.png,10
.\Front_R2\Front_R0_121.png,10
.\Front_R2\Front_R0_107.png,10
.\empty\Empty_014.png,24
.\Front_R2\Front_R0_027.png,10
.\Left_R2\Left_R0_051.png,14
.\Back_R1\Back_R0_002.png,1
.\Right_R2\Right_R0_051.png,18
.\Top_R3\Top_R0_078.png,23
.\Bottom_R0\Bottom_R0_093.png,4
.\Front_R1\Front_R0_078.png,9
.\empty\Empty_020.png,24
.\Top_R3\Top_R0_023.png,23
.\Back_R3\Back_R0_033.png,3
.\Right_R2\Right_R0_014.png,18
.\Back_R3\Back_R0_116.png,3
.\Right_R3\Right_R0_031.png,19
.\Front_R3\Front_R0_127.png,11
.\Right_R2\Right_R0_071.png,18
.\Back_R0\Back_R0_101.png,0
.\Right_R1\Right_R0_069.png,17
.\empty\Empty_290.png,24
.\Front_R2\Front_R0_015.png,10
.\Top_R1\Top_R0_041.png,21
.\Right_R3\Right_R0_097.png,19
.\Right_R1\Right_R0_096.png,17
.\Top_R0\Top_R0_013.png,20
.\Left_R2\Left_R0_059.png,14
.\Front_R3\Front_R0_037.png,11
.\empty\Empty_239.png,24
.\Bottom_R3\Bottom_R0_061.png,7
.\empty\Empty_045.png,24
.\Back_R1\Back_R0_032.png,1
.\Front_R2\Front_R0_125.png,10
.\Top_R2\Top_R0_109.png,22
.\Back_R0\Back_R0_085.png,0
.\Left_R1\Left_R0_069.png,13
.\Top_R3\Top_R0_111.png,23
.\Left_R3\Left_R0_064.png,15
.\Back_R2\Back_R0_085.png,2
.\Left_R1\Left_R0_008.png,13
.\empty\Empty_293.png,24
.\Left_R2\Left_R0_091.png,14
.\Right_R2\Right_R0_068.png,18
.\empty\Empty_029.png,24
.\Back_R1\Back_R0_085.png,1
.\Bottom_R2\Bottom_R0_043.png,6
.\Top_R0\Top_R0_009.png,20
.\Back_R3\Back_R0_013.png,3
.\Left_R2\Left_R0_050.png,14
.\Left_R2\Left_R0_109.png,14
.\empty\Empty_105.png,24
.\Right_R3\Right_R0_098.png,19
.\Left_R2\Left_R0_086.png,14
.\Right_R1\Right_R0_007.png,17
.\Left_R1\Left_R0_086.png,13
.\empty\Empty_222.png,24
.\Front_R0\Front_R0_085.png,8
.\Back_R2\Back_R0_064.png,2
.\Bottom_R0\Bottom_R0_009.png,4
.\Back_R3\Back_R0_040.png,3
.\Front_R0\Front_R0_119.png,8
.\Right_R1\Right_R0_023.png,17
.\Right_R0\Right_R0_038.png,16
.\Left_R2\Left_R0_017.png,14
.\Right_R0\Right_R0_008.png,16
.\Back_R0\Back_R0_126.png,0
.\Top_R1\Top_R0_065.png,21
.\Left_R2\Left_R0_094.png,14
.\Left_R0\Left_R0_034.png,12
.\Right_R2\Right_R0_027.png,18
.\Bottom_R1\Bottom_R0_053.png,5
.\Top_R0\Top_R0_012.png,20
.\Left_R0\Left_R0_011.png,12
.\Front_R1\Front_R0_103.png,9
.\Front_R3\Front_R0_033.png,11
.\Top_R1\Top_R0_072.png,21
.\empty\Empty_246.png,24
.\Left_R3\Left_R0_102.png,15
.\Left_R1\Left_R0_081.png,13
.\Top_R3\Top_R0_026.png,23
.\Back_R0\Back_R0_104.png,0
.\Front_R3\Front_R0_031.png,11
.\Front_R2\Front_R0_014.png,10
.\Bottom_R3\Bottom_R0_063.png,7
.\Top_R1\Top_R0_033.png,21
.\Right_R0\Right_R0_079.png,16
.\empty\Empty_207.png,24
.\Back_R1\Back_R0_058.png,1
.\Back_R2\Back_R0_040.png,2
.\Top_R2\Top_R0_102.png,22
.\empty\Empty_269.png,24
.\Bottom_R2\Bottom_R0_105.png,6
.\Right_R2\Right_R0_092.png,18
.\Top_R1\Top_R0_046.png,21
.\Back_R3\Back_R0_010.png,3
.\Back_R1\Back_R0_078.png,1
.\Left_R1\Left_R0_019.png,13
.\Top_R2\Top_R0_114.png,22
.\Bottom_R3\Bottom_R0_039.png,7
.\Bottom_R2\Bottom_R0_031.png,6
.\Bottom_R1\Bottom_R0_037.png,5
.\Front_R2\Front_R0_075.png,10
.\Back_R2\Back_R0_020.png,2
.\Top_R2\Top_R0_006.png,22
.\Top_R2\Top_R0_051.png,22
.\Front_R2\Front_R0_022.png,10
.\Right_R1\Right_R0_085.png,17
.\Top_R2\Top_R0_020.png,22
.\Front_R0\Front_R0_005.png,8
.\Top_R1\Top_R0_055.png,21
.\Back_R2\Back_R0_060.png,2
.\Top_R2\Top_R0_074.png,22
.\Left_R0\Left_R0_027.png,12
.\Left_R3\Left_R0_119.png,15
.\Front_R1\Front_R0_032.png,9
.\Front_R3\Front_R0_078.png,11
.\Right_R0\Right_R0_071.png,16
.\Top_R1\Top_R0_069.png,21
.\Top_R0\Top_R0_059.png,20
.\Back_R3\Back_R0_059.png,3
.\Top_R2\Top_R0_038.png,22
.\Front_R2\Front_R0_105.png,10
.\empty\Empty_041.png,24
.\Back_R2\Back_R0_026.png,2
.\Back_R3\Back_R0_090.png,3
.\Back_R2\Back_R0_082.png,2
.\Left_R0\Left_R0_065.png,12
.\empty\Empty_228.png,24
.\Front_R2\Front_R0_021.png,10
.\empty\Empty_071.png,24
.\Top_R1\Top_R0_063.png,21
.\Front_R2\Front_R0_001.png,10
.\Front_R2\Front_R0_110.png,10
.\Top_R3\Top_R0_041.png,23
.\Right_R0\Right_R0_042.png,16
.\Back_R2\Back_R0_006.png,2
.\Left_R2\Left_R0_054.png,14
.\Bottom_R0\Bottom_R0_064.png,4
.\Back_R2\Back_R0_044.png,2
.\Front_R3\Front_R0_019.png,11
.\Back_R0\Back_R0_050.png,0
.\Left_R1\Left_R0_113.png,13
.\empty\Empty_318.png,24
.\Bottom_R2\Bottom_R0_087.png,6
.\Front_R1\Front_R0_003.png,9
.\Left_R1\Left_R0_083.png,13
.\Right_R2\Right_R0_096.png,18
.\Left_R2\Left_R0_062.png,14
.\empty\Empty_201.png,24
.\empty\Empty_134.png,24
.\Top_R0\Top_R0_077.png,20
.\Back_R2\Back_R0_079.png,2
.\Bottom_R3\Bottom_R0_097.png,7
.\Left_R2\Left_R0_005.png,14
.\empty\Empty_122.png,24
.\empty\Empty_002.png,24
.\Bottom_R1\Bottom_R0_054.png,5
.\Left_R1\Left_R0_111.png,13
.\Back_R0\Back_R0_007.png,0
.\Right_R1\Right_R0_021.png,17
.\Back_R0\Back_R0_113.png,0
.\Top_R1\Top_R0_079.png,21
.\Back_R1\Back_R0_072.png,1
.\Back_R1\Back_R0_030.png,1
.\Back_R3\Back_R0_077.png,3
.\Back_R2\Back_R0_010.png,2
.\Bottom_R2\Bottom_R0_024.png,6
.\empty\Empty_301.png,24
.\Right_R2\Right_R0_008.png,18
.\Left_R1\Left_R0_072.png,13
.\Left_R3\Left_R0_077.png,15
.\Bottom_R1\Bottom_R0_001.png,5
.\Right_R1\Right_R0_089.png,17
.\Left_R0\Left_R0_067.png,12
.\Right_R1\Right_R0_008.png,17
.\Bottom_R1\Bottom_R0_080.png,5
.\empty\Empty_008.png,24
.\Front_R1\Front_R0_023.png,9
.\Left_R3\Left_R0_022.png,15
.\Front_R3\Front_R0_090.png,11
.\Bottom_R1\Bottom_R0_030.png,5
.\Top_R0\Top_R0_075.png,20
.\Right_R2\Right_R0_072.png,18
.\empty\Empty_236.png,24
.\Back_R2\Back_R0_121.png,2
.\Top_R1\Top_R0_106.png,21
.\Bottom_R2\Bottom_R0_021.png,6
.\Right_R1\Right_R0_024.png,17
.\Bottom_R3\Bottom_R0_001.png,7
.\Top_R3\Top_R0_085.png,23
.\Back_R0\Back_R0_039.png,0
.\Back_R3\Back_R0_103.png,3
.\Right_R0\Right_R0_076.png,16
.\empty\Empty_040.png,24
.\empty\Empty_145.png,24
.\Left_R3\Left_R0_039.png,15
.\Right_R0\Right_R0_010.png,16
.\Back_R1\Back_R0_018.png,1
.\Bottom_R2\Bottom_R0_036.png,6
.\Back_R0\Back_R0_031.png,0
.\Back_R3\Back_R0_071.png,3
.\Front_R1\Front_R0_124.png,9
.\Right_R3\Right_R0_090.png,19
.\Left_R0\Left_R0_095.png,12
.\Top_R3\Top_R0_019.png,23
.\Bottom_R0\Bottom_R0_031.png,4
.\Left_R1\Left_R0_029.png,13
.\Bottom_R3\Bottom_R0_029.png,7
.\empty\Empty_259.png,24
.\Back_R3\Back_R0_121.png,3
.\Back_R2\Back_R0_037.png,2
.\Bottom_R2\Bottom_R0_101.png,6
.\Bottom_R2\Bottom_R0_041.png,6
.\Left_R3\Left_R0_050.png,15
.\Bottom_R3\Bottom_R0_052.png,7
.\Bottom_R2\Bottom_R0_008.png,6
.\Right_R2\Right_R0_049.png,18
.\empty\Empty_165.png,24
.\Back_R3\Back_R0_057.png,3
.\Right_R2\Right_R0_037.png,18
.\Right_R0\Right_R0_053.png,16
.\Bottom_R1\Bottom_R0_035.png,5
.\empty\Empty_095.png,24
.\Left_R1\Left_R0_090.png,13
.\Left_R3\Left_R0_012.png,15
.\Bottom_R3\Bottom_R0_025.png,7
.\Top_R2\Top_R0_101.png,22
.\Top_R3\Top_R0_102.png,23
.\Top_R3\Top_R0_062.png,23
.\Top_R1\Top_R0_032.png,21
.\Right_R1\Right_R0_071.png,17
.\Bottom_R0\Bottom_R0_052.png,4
.\Left_R1\Left_R0_057.png,13
.\Front_R2\Front_R0_073.png,10
.\Top_R0\Top_R0_106.png,20
.\Back_R1\Back_R0_094.png,1
.\Front_R1\Front_R0_065.png,9
.\Left_R1\Left_R0_088.png,13
.\Back_R2\Back_R0_045.png,2
.\Front_R2\Front_R0_058.png,10
.\Front_R3\Front_R0_034.png,11
.\Right_R1\Right_R0_047.png,17
.\Bottom_R1\Bottom_R0_040.png,5
.\Left_R3\Left_R0_093.png,15
.\Bottom_R1\Bottom_R0_076.png,5
.\Right_R1\Right_R0_051.png,17
.\Front_R1\Front_R0_027.png,9
.\Bottom_R0\Bottom_R0_038.png,4
.\empty\Empty_061.png,24
.\Right_R2\Right_R0_009.png,18
.\Back_R3\Back_R0_074.png,3
.\Top_R3\Top_R0_114.png,23
.\Left_R2\Left_R0_044.png,14
.\Right_R0\Right_R0_030.png,16
.\Right_R3\Right_R0_081.png,19
.\Left_R2\Left_R0_033.png,14
.\Right_R3\Right_R0_075.png,19
.\Right_R3\Right_R0_103.png,19
.\Front_R3\Front_R0_119.png,11
.\Top_R1\Top_R0_118.png,21
.\Back_R1\Back_R0_070.png,1
.\Right_R3\Right_R0_079.png,19
.\Top_R3\Top_R0_037.png,23
.\Bottom_R0\Bottom_R0_040.png,4
.\Bottom_R2\Bottom_R0_093.png,6
.\empty\Empty_218.png,24
.\Bottom_R1\Bottom_R0_097.png,5
.\Right_R2\Right_R0_097.png,18
.\Top_R3\Top_R0_003.png,23
.\Left_R2\Left_R0_116.png,14
.\Left_R3\Left_R0_026.png,15
.\Front_R3\Front_R0_035.png,11
.\Front_R1\Front_R0_122.png,9
.\Front_R0\Front_R0_128.png,8
.\Top_R1\Top_R0_017.png,21
.\Bottom_R2\Bottom_R0_097.png,6
.\Front_R0\Front_R0_088.png,8
.\Back_R3\Back_R0_001.png,3
.\Right_R1\Right_R0_104.png,17
.\Left_R3\Left_R0_106.png,15
.\Back_R1\Back_R0_034.png,1
.\Bottom_R1\Bottom_R0_007.png,5
.\Left_R3\Left_R0_108.png,15
.\Bottom_R3\Bottom_R0_086.png,7
.\Top_R3\Top_R0_042.png,23
.\Top_R2\Top_R0_002.png,22
.\Bottom_R0\Bottom_R0_074.png,4
.\Front_R1\Front_R0_017.png,9
.\Left_R0\Left_R0_037.png,12
.\Top_R3\Top_R0_017.png,23
.\Back_R2\Back_R0_001.png,2
.\Back_R1\Back_R0_093.png,1
.\Back_R3\Back_R0_073.png,3
.\Back_R3\Back_R0_039.png,3
.\Bottom_R1\Bottom_R0_047.png,5
.\Bottom_R2\Bottom_R0_060.png,6
.\Front_R1\Front_R0_041.png,9
.\Right_R2\Right_R0_006.png,18
.\Left_R3\Left_R0_109.png,15
.\Front_R0\Front_R0_115.png,8
.\Top_R2\Top_R0_026.png,22
.\Left_R1\Left_R0_078.png,13
.\Left_R0\Left_R0_112.png,12
.\Back_R2\Back_R0_072.png,2
.\Back_R1\Back_R0_119.png,1
.\Bottom_R3\Bottom_R0_103.png,7
.\Left_R3\Left_R0_003.png,15
.\Front_R0\Front_R0_124.png,8
.\Left_R3\Left_R0_103.png,15
.\Back_R2\Back_R0_018.png,2
.\Back_R0\Back_R0_063.png,0
.\empty\Empty_158.png,24
.\Bottom_R0\Bottom_R0_060.png,4
.\Top_R2\Top_R0_104.png,22
.\empty\Empty_081.png,24
.\Top_R2\Top_R0_079.png,22
.\empty\Empty_123.png,24
.\Front_R2\Front_R0_094.png,10
.\Bottom_R0\Bottom_R0_098.png,4
.\Left_R1\Left_R0_059.png,13
.\Back_R2\Back_R0_021.png,2
.\Left_R1\Left_R0_021.png,13
.\Right_R0\Right_R0_047.png,16
.\Left_R0\Left_R0_032.png,12
.\Top_R3\Top_R0_076.png,23
.\Left_R3\Left_R0_047.png,15
.\Left_R2\Left_R0_069.png,14
.\empty\Empty_113.png,24
.\Top_R2\Top_R0_052.png,22
.\Front_R3\Front_R0_122.png,11
.\Right_R3\Right_R0_091.png,19
.\Front_R0\Front_R0_007.png,8
.\Front_R3\Front_R0_083.png,11
.\Right_R1\Right_R0_082.png,17
.\Right_R0\Right_R0_002.png,16
.\Left_R0\Left_R0_043.png,12
.\Back_R0\Back_R0_034.png,0
.\Left_R3\Left_R0_008.png,15
.\empty\Empty_256.png,24
.\Front_R2\Front_R0_005.png,10
.\Front_R1\Front_R0_120.png,9
.\Bottom_R3\Bottom_R0_048.png,7
.\Top_R1\Top_R0_083.png,21
.\empty\Empty_251.png,24
.\Top_R0\Top_R0_090.png,20
.\Right_R0\Right_R0_034.png,16
.\Left_R3\Left_R0_083.png,15
.\Right_R1\Right_R0_100.png,17
.\Bottom_R3\Bottom_R0_077.png,7
.\Back_R2\Back_R0_034.png,2
.\Bottom_R1\Bottom_R0_059.png,5
.\empty\Empty_226.png,24
.\Left_R0\Left_R0_100.png,12
.\Front_R1\Front_R0_100.png,9
.\Bottom_R2\Bottom_R0_049.png,6
.\Back_R1\Back_R0_091.png,1
.\Top_R3\Top_R0_047.png,23
.\empty\Empty_022.png,24
.\empty\Empty_136.png,24
.\empty\Empty_117.png,24
.\Back_R3\Back_R0_096.png,3
.\Left_R2\Left_R0_066.png,14
.\Right_R1\Right_R0_054.png,17
.\empty\Empty_175.png,24
.\Top_R0\Top_R0_081.png,20
.\Right_R2\Right_R0_101.png,18
.\Back_R1\Back_R0_110.png,1
.\Bottom_R1\Bottom_R0_058.png,5
.\empty\Empty_015.png,24
.\Left_R1\Left_R0_005.png,13
.\Top_R0\Top_R0_047.png,20
.\Back_R0\Back_R0_112.png,0
.\Front_R0\Front_R0_070.png,8
.\Top_R0\Top_R0_084.png,20
.\Back_R0\Back_R0_084.png,0
.\Left_R1\Left_R0_042.png,13
.\Left_R3\Left_R0_033.png,15
.\Left_R2\Left_R0_115.png,14
.\Back_R2\Back_R0_096.png,2
.\Left_R2\Left_R0_047.png,14
.\Bottom_R3\Bottom_R0_016.png,7
.\Front_R1\Front_R0_112.png,9
.\Top_R3\Top_R0_108.png,23
.\empty\Empty_063.png,24
.\Back_R1\Back_R0_051.png,1
.\empty\Empty_227.png,24
.\Top_R3\Top_R0_048.png,23
.\Top_R1\Top_R0_089.png,21
.\Bottom_R0\Bottom_R0_072.png,4
.\Left_R3\Left_R0_054.png,15
.\Right_R0\Right_R0_061.png,16
.\Back_R1\Back_R0_027.png,1
.\Back_R3\Back_R0_000.png,3
.\Bottom_R3\Bottom_R0_014.png,7
.\Left_R3\Left_R0_004.png,15
.\Right_R0\Right_R0_065.png,16
.\Front_R0\Front_R0_126.png,8
.\Back_R2\Back_R0_048.png,2
.\Front_R0\Front_R0_105.png,8
.\Bottom_R1\Bottom_R0_042.png,5
.\Back_R2\Back_R0_089.png,2
.\empty\Empty_101.png,24
.\empty\Empty_200.png,24
.\Bottom_R0\Bottom_R0_048.png,4
.\Bottom_R2\Bottom_R0_030.png,6
.\Back_R3\Back_R0_104.png,3
.\Back_R0\Back_R0_081.png,0
.\Top_R3\Top_R0_006.png,23
.\Right_R3\Right_R0_021.png,19
.\Front_R3\Front_R0_018.png,11
.\Right_R2\Right_R0_086.png,18
.\Bottom_R1\Bottom_R0_082.png,5
.\Top_R1\Top_R0_036.png,21
.\Right_R2\Right_R0_076.png,18
.\empty\Empty_325.png,24
.\Top_R2\Top_R0_025.png,22
.\Bottom_R2\Bottom_R0_067.png,6
.\Bottom_R2\Bottom_R0_064.png,6
.\Top_R3\Top_R0_020.png,23
.\Left_R1\Left_R0_110.png,13
.\Front_R3\Front_R0_056.png,11
.\empty\Empty_326.png,24
.\Back_R2\Back_R0_027.png,2
.\Back_R1\Back_R0_011.png,1
.\Left_R0\Left_R0_009.png,12
.\Front_R3\Front_R0_103.png,11
.\Left_R0\Left_R0_059.png,12
.\Front_R3\Front_R0_084.png,11
.\Front_R1\Front_R0_002.png,9
.\Top_R3\Top_R0_083.png,23
.\Top_R3\Top_R0_064.png,23
.\Left_R1\Left_R0_107.png,13
.\Left_R3\Left_R0_112.png,15
.\Bottom_R3\Bottom_R0_106.png,7
.\Front_R3\Front_R0_015.png,11
.\empty\Empty_257.png,24
.\Bottom_R0\Bottom_R0_057.png,4
.\Bottom_R3\Bottom_R0_012.png,7
.\Left_R0\Left_R0_077.png,12
.\Left_R2\Left_R0_085.png,14
.\Back_R1\Back_R0_042.png,1
.\Front_R1\Front_R0_040.png,9
.\Front_R0\Front_R0_057.png,8
.\Right_R3\Right_R0_065.png,19
.\Top_R0\Top_R0_099.png,20
.\Left_R2\Left_R0_099.png,14
.\Front_R1\Front_R0_125.png,9
.\Bottom_R3\Bottom_R0_068.png,7
.\Front_R3\Front_R0_113.png,11
.\Back_R0\Back_R0_100.png,0
.\Back_R0\Back_R0_015.png,0
.\Back_R3\Back_R0_058.png,3
.\Right_R3\Right_R0_066.png,19
.\empty\Empty_264.png,24
.\Bottom_R2\Bottom_R0_080.png,6
.\Back_R2\Back_R0_103.png,2
.\Bottom_R3\Bottom_R0_072.png,7
.\Left_R1\Left_R0_096.png,13
.\Left_R1\Left_R0_009.png,13
.\Right_R0\Right_R0_060.png,16
.\empty\Empty_108.png,24
.\Right_R1\Right_R0_072.png,17
.\Bottom_R2\Bottom_R0_094.png,6
.\Left_R0\Left_R0_039.png,12
.\Top_R1\Top_R0_081.png,21
.\Bottom_R3\Bottom_R0_023.png,7
.\Right_R1\Right_R0_039.png,17
.\Left_R2\Left_R0_100.png,14
.\empty\Empty_042.png,24
.\Left_R1\Left_R0_041.png,13
.\Left_R2\Left_R0_004.png,14
.\Right_R2\Right_R0_054.png,18
.\empty\Empty_051.png,24
.\Front_R0\Front_R0_017.png,8
.\empty\Empty_037.png,24
.\Left_R1\Left_R0_033.png,13
.\Bottom_R3\Bottom_R0_098.png,7
.\Left_R2\Left_R0_055.png,14
.\Left_R3\Left_R0_036.png,15
.\Left_R0\Left_R0_002.png,12
.\Back_R2\Back_R0_038.png,2
.\Back_R2\Back_R0_101.png,2
.\Left_R2\Left_R0_012.png,14
.\Front_R0\Front_R0_125.png,8
.\empty\Empty_266.png,24
.\Front_R2\Front_R0_124.png,10
.\Back_R0\Back_R0_069.png,0
.\Top_R2\Top_R0_014.png,22
.\Top_R0\Top_R0_029.png,20
.\Right_R2\Right_R0_026.png,18
.\Bottom_R0\Bottom_R0_049.png,4
.\Right_R2\Right_R0_073.png,18
.\Left_R2\Left_R0_106.png,14
.\Front_R2\Front_R0_006.png,10
.\empty\Empty_100.png,24
.\Right_R3\Right_R0_043.png,19
.\Front_R3\Front_R0_100.png,11
.\Bottom_R1\Bottom_R0_094.png,5
.\empty\Empty_005.png,24
.\Front_R1\Front_R0_074.png,9
.\Bottom_R3\Bottom_R0_104.png,7
.\Bottom_R2\Bottom_R0_037.png,6
.\Right_R3\Right_R0_011.png,19
.\Right_R1\Right_R0_017.png,17
.\Top_R0\Top_R0_083.png,20
.\empty\Empty_179.png,24
.\Top_R2\Top_R0_081.png,22
.\Bottom_R2\Bottom_R0_050.png,6
.\Left_R3\Left_R0_110.png,15
.\Front_R2\Front_R0_055.png,10
.\Back_R0\Back_R0_120.png,0
.\empty\Empty_130.png,24
.\Back_R2\Back_R0_112.png,2
.\Top_R0\Top_R0_079.png,20
.\Front_R0\Front_R0_018.png,8
.\Back_R2\Back_R0_043.png,2
.\Left_R1\Left_R0_006.png,13
.\Right_R2\Right_R0_081.png,18
.\Right_R1\Right_R0_048.png,17
.\Left_R0\Left_R0_102.png,12
.\Bottom_R1\Bottom_R0_031.png,5
.\Top_R1\Top_R0_088.png,21
.\Back_R0\Back_R0_119.png,0
.\Left_R2\Left_R0_118.png,14
.\Bottom_R0\Bottom_R0_015.png,4
.\empty\Empty_058.png,24
.\Front_R3\Front_R0_079.png,11
.\Back_R0\Back_R0_030.png,0
.\Back_R0\Back_R0_008.png,0
.\Right_R3\Right_R0_071.png,19
.\Front_R0\Front_R0_004.png,8
.\Top_R0\Top_R0_068.png,20
.\Left_R0\Left_R0_049.png,12
.\Front_R2\Front_R0_034.png,10
.\Top_R1\Top_R0_004.png,21
.\Top_R3\Top_R0_010.png,23
.\Right_R3\Right_R0_008.png,19
.\Bottom_R0\Bottom_R0_033.png,4
.\Right_R2\Right_R0_104.png,18
.\Back_R0\Back_R0_092.png,0
.\Back_R1\Back_R0_044.png,1
.\Bottom_R1\Bottom_R0_060.png,5
.\Right_R1\Right_R0_075.png,17
.\Bottom_R0\Bottom_R0_027.png,4
.\Left_R0\Left_R0_060.png,12
.\Left_R2\Left_R0_003.png,14
.\Back_R1\Back_R0_097.png,1
.\Back_R2\Back_R0_036.png,2
.\Right_R0\Right_R0_054.png,16
.\Left_R2\Left_R0_006.png,14
.\Top_R1\Top_R0_016.png,21
.\Right_R3\Right_R0_035.png,19
.\Right_R3\Right_R0_045.png,19
.\Bottom_R3\Bottom_R0_026.png,7
.\Front_R2\Front_R0_011.png,10
.\Back_R0\Back_R0_062.png,0
.\Bottom_R2\Bottom_R0_075.png,6
.\empty\Empty_296.png,24
.\Top_R0\Top_R0_060.png,20
.\Right_R0\Right_R0_073.png,16
.\Back_R0\Back_R0_045.png,0
.\Top_R2\Top_R0_083.png,22
.\Front_R3\Front_R0_039.png,11
.\Front_R2\Front_R0_041.png,10
.\Left_R0\Left_R0_061.png,12
.\empty\Empty_000.png,24
.\Left_R2\Left_R0_046.png,14
.\Front_R3\Front_R0_116.png,11
.\Right_R3\Right_R0_010.png,19
.\Back_R2\Back_R0_019.png,2
.\Back_R3\Back_R0_014.png,3
.\Right_R3\Right_R0_040.png,19
.\Back_R1\Back_R0_033.png,1
.\Front_R0\Front_R0_039.png,8
.\empty\Empty_272.png,24
.\Front_R0\Front_R0_062.png,8
.\Back_R3\Back_R0_082.png,3
.\Front_R3\Front_R0_076.png,11
.\Top_R1\Top_R0_054.png,21
.\Left_R2\Left_R0_060.png,14
.\Bottom_R1\Bottom_R0_041.png,5
.\Front_R1\Front_R0_056.png,9
.\Left_R2\Left_R0_074.png,14
.\Right_R2\Right_R0_050.png,18
.\Back_R3\Back_R0_052.png,3
.\Front_R3\Front_R0_099.png,11
.\Right_R2\Right_R0_065.png,18
.\empty\Empty_024.png,24
.\Bottom_R0\Bottom_R0_081.png,4
.\Front_R2\Front_R0_092.png,10
.\Back_R1\Back_R0_019.png,1
.\Back_R1\Back_R0_105.png,1
.\Front_R0\Front_R0_091.png,8
.\Bottom_R1\Bottom_R0_077.png,5
.\Left_R2\Left_R0_096.png,14
.\Front_R2\Front_R0_089.png,10
.\Left_R2\Left_R0_034.png,14
.\Left_R2\Left_R0_117.png,14
.\Front_R0\Front_R0_006.png,8
.\Back_R3\Back_R0_038.png,3
.\Right_R1\Right_R0_059.png,17
.\Top_R2\Top_R0_061.png,22
.\Top_R3\Top_R0_115.png,23
.\Left_R2\Left_R0_070.png,14
.\Top_R2\Top_R0_093.png,22
.\Front_R3\Front_R0_005.png,11
.\Back_R3\Back_R0_081.png,3
.\Back_R3\Back_R0_083.png,3
.\Bottom_R3\Bottom_R0_011.png,7
.\Top_R1\Top_R0_064.png,21
.\Back_R3\Back_R0_053.png,3
.\Right_R1\Right_R0_099.png,17
.\Front_R1\Front_R0_089.png,9
.\Right_R3\Right_R0_001.png,19
.\Left_R1\Left_R0_109.png,13
.\Front_R0\Front_R0_035.png,8
.\Bottom_R2\Bottom_R0_046.png,6
.\Top_R1\Top_R0_052.png,21
.\Top_R3\Top_R0_105.png,23
.\Right_R0\Right_R0_049.png,16
.\Left_R1\Left_R0_040.png,13
.\Left_R0\Left_R0_074.png,12
.\Front_R2\Front_R0_019.png,10
.\empty\Empty_261.png,24
.\Left_R2\Left_R0_104.png,14
.\Left_R3\Left_R0_089.png,15
.\Top_R3\Top_R0_086.png,23
.\Bottom_R1\Bottom_R0_049.png,5
.\Front_R0\Front_R0_053.png,8
.\Top_R1\Top_R0_067.png,21
.\empty\Empty_267.png,24
.\Back_R3\Back_R0_018.png,3
.\Front_R1\Front_R0_116.png,9
.\Front_R0\Front_R0_094.png,8
.\Front_R1\Front_R0_060.png,9
.\Left_R0\Left_R0_085.png,12
.\Front_R0\Front_R0_054.png,8
.\Front_R3\Front_R0_053.png,11
.\Left_R3\Left_R0_079.png,15
.\Top_R2\Top_R0_108.png,22
.\Front_R1\Front_R0_086.png,9
.\Top_R0\Top_R0_003.png,20
.\Back_R0\Back_R0_090.png,0
.\Front_R3\Front_R0_121.png,11
.\Front_R1\Front_R0_015.png,9
.\Back_R2\Back_R0_087.png,2
.\Right_R0\Right_R0_067.png,16
.\Back_R1\Back_R0_043.png,1
.\Left_R2\Left_R0_052.png,14
.\Back_R3\Back_R0_095.png,3
.\empty\Empty_263.png,24
.\Back_R1\Back_R0_065.png,1
.\Back_R3\Back_R0_022.png,3
.\Back_R2\Back_R0_086.png,2
.\Bottom_R1\Bottom_R0_022.png,5
.\Right_R1\Right_R0_065.png,17
.\Front_R0\Front_R0_003.png,8
.\Left_R0\Left_R0_082.png,12
.\Bottom_R2\Bottom_R0_062.png,6
.\Right_R0\Right_R0_066.png,16
.\empty\Empty_068.png,24
.\Back_R0\Back_R0_002.png,0
.\Front_R0\Front_R0_111.png,8
.\Front_R1\Front_R0_062.png,9
.\Front_R0\Front_R0_047.png,8
.\Back_R3\Back_R0_093.png,3
.\Back_R3\Back_R0_004.png,3
.\Bottom_R2\Bottom_R0_016.png,6
.\Left_R1\Left_R0_026.png,13
.\Right_R3\Right_R0_061.png,19
.\Front_R1\Front_R0_059.png,9
.\Front_R1\Front_R0_063.png,9
.\Bottom_R3\Bottom_R0_019.png,7
.\Bottom_R3\Bottom_R0_021.png,7
.\Right_R1\Right_R0_044.png,17
.\Back_R0\Back_R0_055.png,0
.\Left_R3\Left_R0_068.png,15
.\Right_R0\Right_R0_104.png,16
.\Bottom_R2\Bottom_R0_079.png,6
.\Front_R0\Front_R0_044.png,8
.\Top_R2\Top_R0_087.png,22
.\Back_R2\Back_R0_071.png,2
.\Front_R2\Front_R0_040.png,10
.\Front_R3\Front_R0_016.png,11
.\Front_R2\Front_R0_072.png,10
.\Back_R3\Back_R0_030.png,3
.\Front_R1\Front_R0_039.png,9
.\Right_R0\Right_R0_078.png,16
.\Top_R0\Top_R0_041.png,20
.\Top_R0\Top_R0_088.png,20
.\Top_R3\Top_R0_087.png,23
.\Left_R0\Left_R0_080.png,12
.\Left_R0\Left_R0_066.png,12
.\Right_R0\Right_R0_014.png,16
.\Back_R2\Back_R0_117.png,2
.\Right_R1\Right_R0_091.png,17
.\Front_R0\Front_R0_058.png,8
.\Right_R0\Right_R0_085.png,16
.\Left_R1\Left_R0_108.png,13
.\Back_R3\Back_R0_089.png,3
.\Right_R3\Right_R0_099.png,19
.\Top_R0\Top_R0_055.png,20
.\Front_R2\Front_R0_104.png,10
.\Front_R3\Front_R0_009.png,11
.\Front_R3\Front_R0_006.png,11
.\Back_R1\Back_R0_068.png,1
.\Back_R1\Back_R0_126.png,1
.\Left_R3\Left_R0_016.png,15
.\Back_R3\Back_R0_084.png,3
.\Back_R0\Back_R0_020.png,0
.\Right_R3\Right_R0_030.png,19
.\Front_R3\Front_R0_092.png,11
.\Right_R0\Right_R0_046.png,16
.\Top_R1\Top_R0_111.png,21
.\Right_R1\Right_R0_025.png,17
.\Top_R1\Top_R0_119.png,21
.\empty\Empty_126.png,24
.\Front_R2\Front_R0_093.png,10
.\Right_R3\Right_R0_051.png,19
.\Back_R1\Back_R0_104.png,1
.\Bottom_R1\Bottom_R0_016.png,5
.\Left_R1\Left_R0_036.png,13
.\Back_R2\Back_R0_007.png,2
.\Left_R2\Left_R0_025.png,14
.\Right_R3\Right_R0_082.png,19
.\Top_R3\Top_R0_109.png,23
.\Left_R3\Left_R0_018.png,15
.\Front_R0\Front_R0_095.png,8
.\Bottom_R3\Bottom_R0_042.png,7
.\empty\Empty_039.png,24
.\Top_R0\Top_R0_036.png,20
.\empty\Empty_294.png,24
.\Front_R2\Front_R0_090.png,10
.\Left_R2\Left_R0_018.png,14
.\Front_R0\Front_R0_021.png,8
.\Right_R2\Right_R0_056.png,18
.\Top_R2\Top_R0_095.png,22
.\empty\Empty_124.png,24
.\Back_R1\Back_R0_128.png,1
.\Back_R0\Back_R0_021.png,0
.\Bottom_R1\Bottom_R0_095.png,5
.\Top_R2\Top_R0_065.png,22
.\Bottom_R2\Bottom_R0_082.png,6
.\Front_R2\Front_R0_106.png,10
.\Left_R0\Left_R0_048.png,12
.\Front_R3\Front_R0_082.png,11
.\Bottom_R1\Bottom_R0_062.png,5
.\Bottom_R3\Bottom_R0_055.png,7
.\Left_R1\Left_R0_116.png,13
.\Bottom_R1\Bottom_R0_017.png,5
.\Left_R1\Left_R0_084.png,13
.\Bottom_R2\Bottom_R0_091.png,6
.\Left_R1\Left_R0_032.png,13
.\empty\Empty_244.png,24
.\Left_R3\Left_R0_006.png,15
.\Left_R3\Left_R0_035.png,15
.\Bottom_R0\Bottom_R0_003.png,4
.\Back_R1\Back_R0_106.png,1
.\Front_R0\Front_R0_093.png,8
.\Top_R1\Top_R0_060.png,21
.\Back_R1\Back_R0_047.png,1
.\Right_R3\Right_R0_077.png,19
.\Back_R0\Back_R0_004.png,0
.\Left_R2\Left_R0_016.png,14
.\Front_R3\Front_R0_081.png,11
.\empty\Empty_110.png,24
.\empty\Empty_202.png,24
.\Top_R3\Top_R0_000.png,23
.\Right_R2\Right_R0_036.png,18
.\empty\Empty_129.png,24
.\empty\Empty_211.png,24
.\Front_R2\Front_R0_031.png,10
.\empty\Empty_151.png,24
.\Top_R2\Top_R0_092.png,22
.\Front_R1\Front_R0_050.png,9
.\Right_R3\Right_R0_101.png,19
.\Top_R2\Top_R0_042.png,22
.\Front_R1\Front_R0_119.png,9
.\Top_R1\Top_R0_020.png,21
.\Top_R0\Top_R0_024.png,20
.\Right_R1\Right_R0_098.png,17
.\Left_R3\Left_R0_053.png,15
.\Left_R3\Left_R0_114.png,15
.\empty\Empty_206.png,24
.\Left_R3\Left_R0_074.png,15
.\Left_R0\Left_R0_016.png,12
.\Left_R3\Left_R0_049.png,15
.\Bottom_R0\Bottom_R0_106.png,4
.\Back_R3\Back_R0_032.png,3
.\Right_R3\Right_R0_005.png,19
.\Front_R3\Front_R0_077.png,11
.\Right_R1\Right_R0_081.png,17
.\empty\Empty_242.png,24
.\Bottom_R1\Bottom_R0_009.png,5
.\Right_R3\Right_R0_032.png,19
.\Back_R2\Back_R0_062.png,2
.\Left_R2\Left_R0_036.png,14
.\Left_R0\Left_R0_040.png,12
.\Top_R0\Top_R0_113.png,20
.\Top_R3\Top_R0_104.png,23
.\Front_R1\Front_R0_026.png,9
.\Left_R0\Left_R0_088.png,12
.\Top_R2\Top_R0_069.png,22
.\Left_R3\Left_R0_080.png,15
.\Bottom_R2\Bottom_R0_048.png,6
.\Front_R1\Front_R0_110.png,9
.\Bottom_R2\Bottom_R0_068.png,6
.\Bottom_R2\Bottom_R0_073.png,6
.\empty\Empty_001.png,24
.\Front_R2\Front_R0_000.png,10
.\Bottom_R1\Bottom_R0_003.png,5
.\Left_R1\Left_R0_052.png,13
.\Bottom_R3\Bottom_R0_050.png,7
.\Front_R0\Front_R0_046.png,8
.\Top_R1\Top_R0_102.png,21
.\Bottom_R0\Bottom_R0_079.png,4
.\Bottom_R2\Bottom_R0_020.png,6
.\Front_R2\Front_R0_036.png,10
.\Left_R1\Left_R0_056.png,13
.\Back_R3\Back_R0_027.png,3
.\Bottom_R0\Bottom_R0_086.png,4
.\Back_R1\Back_R0_100.png,1
.\empty\Empty_106.png,24
.\Front_R3\Front_R0_124.png,11
.\Front_R3\Front_R0_020.png,11
.\Bottom_R2\Bottom_R0_025.png,6
.\Top_R2\Top_R0_036.png,22
.\empty\Empty_170.png,24
.\empty\Empty_069.png,24
.\empty\Empty_138.png,24
.\Bottom_R2\Bottom_R0_066.png,6
.\Top_R3\Top_R0_004.png,23
.\Bottom_R1\Bottom_R0_024.png,5
.\empty\Empty_323.png,24
.\Bottom_R3\Bottom_R0_074.png,7
.\Right_R2\Right_R0_069.png,18
.\Left_R0\Left_R0_007.png,12
.\Front_R2\Front_R0_002.png,10
.\Back_R0\Back_R0_077.png,0
.\empty\Empty_312.png,24
.\Front_R0\Front_R0_071.png,8
.\Left_R0\Left_R0_031.png,12
.\empty\Empty_277.png,24
.\Right_R1\Right_R0_092.png,17
.\Left_R1\Left_R0_022.png,13
.\Left_R3\Left_R0_048.png,15
.\Top_R0\Top_R0_065.png,20
.\Front_R1\Front_R0_121.png,9
.\Front_R2\Front_R0_028.png,10
.\Left_R1\Left_R0_104.png,13
.\Back_R1\Back_R0_064.png,1
.\empty\Empty_166.png,24
.\empty\Empty_265.png,24
.\Back_R3\Back_R0_026.png,3
.\Bottom_R1\Bottom_R0_084.png,5
.\Right_R3\Right_R0_019.png,19
.\Left_R0\Left_R0_097.png,12
.\Top_R2\Top_R0_024.png,22
.\Front_R3\Front_R0_105.png,11
.\Left_R1\Left_R0_079.png,13
.\Left_R1\Left_R0_015.png,13
.\Bottom_R1\Bottom_R0_005.png,5
.\Front_R2\Front_R0_065.png,10
.\Left_R0\Left_R0_116.png,12
.\Right_R0\Right_R0_033.png,16
.\Back_R2\Back_R0_075.png,2
.\Bottom_R2\Bottom_R0_056.png,6
.\Top_R1\Top_R0_021.png,21
.\Left_R0\Left_R0_036.png,12
.\Left_R0\Left_R0_005.png,12
.\Top_R3\Top_R0_016.png,23
.\Back_R2\Back_R0_055.png,2
.\Top_R0\Top_R0_072.png,20
.\Front_R1\Front_R0_115.png,9
.\Bottom_R1\Bottom_R0_061.png,5
.\Top_R3\Top_R0_069.png,23
.\Front_R3\Front_R0_000.png,11
.\Front_R3\Front_R0_014.png,11
.\Front_R1\Front_R0_092.png,9
.\Right_R1\Right_R0_084.png,17
.\Back_R0\Back_R0_011.png,0
.\Front_R1\Front_R0_057.png,9
.\Top_R0\Top_R0_063.png,20
.\Top_R2\Top_R0_043.png,22
.\empty\Empty_131.png,24
.\Back_R3\Back_R0_112.png,3
.\Right_R3\Right_R0_009.png,19
.\Back_R1\Back_R0_062.png,1
.\Bottom_R2\Bottom_R0_088.png,6
.\Top_R2\Top_R0_057.png,22
.\Left_R3\Left_R0_021.png,15
.\Left_R3\Left_R0_113.png,15
.\Front_R2\Front_R0_032.png,10
.\Front_R2\Front_R0_048.png,10
.\Left_R3\Left_R0_015.png,15
.\Back_R3\Back_R0_063.png,3
.\Front_R1\Front_R0_098.png,9
.\Front_R1\Front_R0_044.png,9
.\Back_R3\Back_R0_019.png,3
.\Right_R1\Right_R0_062.png,17
.\Left_R2\Left_R0_000.png,14
.\Top_R1\Top_R0_022.png,21
.\Left_R0\Left_R0_026.png,12
.\Left_R1\Left_R0_043.png,13
.\Front_R2\Front_R0_116.png,10
.\Left_R2\Left_R0_038.png,14
.\Back_R3\Back_R0_037.png,3
.\Front_R3\Front_R0_089.png,11
.\Top_R2\Top_R0_027.png,22
.\Back_R0\Back_R0_053.png,0
.\Bottom_R3\Bottom_R0_020.png,7
.\Front_R3\Front_R0_087.png,11
.\Right_R2\Right_R0_070.png,18
.\Front_R2\Front_R0_083.png,10
.\Right_R3\Right_R0_016.png,19
.\Back_R1\Back_R0_096.png,1
.\empty\Empty_324.png,24
.\empty\Empty_111.png,24
.\Bottom_R2\Bottom_R0_106.png,6
.\Back_R3\Back_R0_101.png,3
.\Left_R0\Left_R0_055.png,12
.\Back_R0\Back_R0_043.png,0
.\Right_R2\Right_R0_028.png,18
.\Left_R3\Left_R0_057.png,15
.\Bottom_R2\Bottom_R0_089.png,6
.\empty\Empty_013.png,24
.\Right_R3\Right_R0_046.png,19
.\empty\Empty_192.png,24
.\Top_R2\Top_R0_011.png,22
.\Right_R1\Right_R0_094.png,17
.\Bottom_R2\Bottom_R0_002.png,6
.\Right_R0\Right_R0_096.png,16
.\Back_R1\Back_R0_067.png,1
.\Right_R3\Right_R0_100.png,19
.\Front_R1\Front_R0_030.png,9
.\Left_R0\Left_R0_108.png,12
.\Right_R1\Right_R0_087.png,17
.\Top_R1\Top_R0_038.png,21
.\Back_R2\Back_R0_000.png,2
.\Right_R3\Right_R0_076.png,19
.\Right_R2\Right_R0_091.png,18
.\Top_R3\Top_R0_058.png,23
.\Bottom_R0\Bottom_R0_056.png,4
.\Left_R3\Left_R0_072.png,15
.\Front_R2\Front_R0_018.png,10
.\Front_R2\Front_R0_023.png,10
.\empty\Empty_056.png,24
.\Bottom_R3\Bottom_R0_005.png,7
.\Front_R0\Front_R0_045.png,8
.\Left_R2\Left_R0_090.png,14
.\Left_R0\Left_R0_068.png,12
.\Bottom_R2\Bottom_R0_078.png,6
.\Bottom_R2\Bottom_R0_032.png,6
.\Back_R3\Back_R0_044.png,3
.\Front_R1\Front_R0_014.png,9
.\Bottom_R1\Bottom_R0_050.png,5
.\Bottom_R1\Bottom_R0_075.png,5
.\Front_R1\Front_R0_097.png,9
.\Right_R0\Right_R0_099.png,16
.\Right_R1\Right_R0_036.png,17
.\Front_R1\Front_R0_045.png,9
.\empty\Empty_053.png,24
.\Back_R2\Back_R0_095.png,2
.\empty\Empty_229.png,24
.\Back_R1\Back_R0_010.png,1
.\Back_R1\Back_R0_039.png,1
.\Top_R2\Top_R0_033.png,22
.\Back_R3\Back_R0_028.png,3
.\Top_R2\Top_R0_007.png,22
.\Top_R1\Top_R0_108.png,21
.\Back_R0\Back_R0_041.png,0
.\Front_R2\Front_R0_127.png,10
.\Top_R0\Top_R0_019.png,20
.\Left_R1\Left_R0_038.png,13
.\empty\Empty_076.png,24
.\Right_R1\Right_R0_060.png,17
.\Top_R3\Top_R0_025.png,23
.\empty\Empty_317.png,24
.\Top_R0\Top_R0_108.png,20
.\Back_R0\Back_R0_001.png,0
.\Right_R2\Right_R0_025.png,18
.\Front_R1\Front_R0_036.png,9
.\Front_R1\Front_R0_080.png,9
.\Right_R3\Right_R0_064.png,19
.\empty\Empty_153.png,24
.\Left_R2\Left_R0_014.png,14
.\Left_R2\Left_R0_076.png,14
.\Top_R3\Top_R0_027.png,23
.\Right_R0\Right_R0_082.png,16
.\Front_R2\Front_R0_024.png,10
.\Bottom_R2\Bottom_R0_019.png,6
.\Top_R3\Top_R0_050.png,23
.\empty\Empty_276.png,24
.\Back_R1\Back_R0_115.png,1
.\Left_R1\Left_R0_070.png,13
.\Back_R3\Back_R0_120.png,3
.\empty\Empty_194.png,24
.\Bottom_R3\Bottom_R0_091.png,7
.\Left_R3\Left_R0_042.png,15
.\Top_R0\Top_R0_056.png,20
.\Back_R3\Back_R0_035.png,3
.\Back_R2\Back_R0_113.png,2
.\Bottom_R3\Bottom_R0_006.png,7
.\Right_R1\Right_R0_015.png,17
.\Right_R2\Right_R0_003.png,18
.\Back_R3\Back_R0_117.png,3
.\Left_R2\Left_R0_008.png,14
.\Left_R2\Left_R0_075.png,14
.\Left_R0\Left_R0_047.png,12
.\Right_R1\Right_R0_078.png,17
.\Left_R0\Left_R0_020.png,12
.\Front_R2\Front_R0_120.png,10
.\Left_R2\Left_R0_073.png,14
.\Top_R1\Top_R0_094.png,21
.\Top_R3\Top_R0_099.png,23
.\Right_R1\Right_R0_041.png,17
.\Bottom_R0\Bottom_R0_028.png,4
.\Back_R2\Back_R0_002.png,2
.\Bottom_R2\Bottom_R0_063.png,6
.\Bottom_R1\Bottom_R0_055.png,5
.\Front_R0\Front_R0_116.png,8
.\Right_R0\Right_R0_095.png,16
.\Back_R2\Back_R0_024.png,2
.\empty\Empty_074.png,24
.\empty\Empty_049.png,24
.\Back_R2\Back_R0_058.png,2
.\Right_R2\Right_R0_062.png,18
.\Back_R1\Back_R0_127.png,1
.\Bottom_R1\Bottom_R0_064.png,5
.\Front_R1\Front_R0_113.png,9
.\Back_R2\Back_R0_023.png,2
.\Bottom_R3\Bottom_R0_064.png,7
.\Bottom_R0\Bottom_R0_089.png,4
.\Front_R3\Front_R0_045.png,11
.\Right_R3\Right_R0_037.png,19
.\Front_R1\Front_R0_031.png,9
.\empty\Empty_275.png,24
.\Front_R2\Front_R0_004.png,10
.\Top_R0\Top_R0_053.png,20
.\Top_R2\Top_R0_113.png,22
.\empty\Empty_107.png,24
.\Left_R2\Left_R0_105.png,14
.\Bottom_R0\Bottom_R0_054.png,4
.\Top_R3\Top_R0_095.png,23
.\Front_R0\Front_R0_056.png,8
.\Front_R0\Front_R0_075.png,8
.\Right_R2\Right_R0_090.png,18
.\Front_R0\Front_R0_114.png,8
.\Front_R1\Front_R0_104.png,9
.\empty\Empty_087.png,24
.\Right_R2\Right_R0_102.png,18
.\Left_R0\Left_R0_092.png,12
.\Bottom_R0\Bottom_R0_029.png,4
.\Bottom_R2\Bottom_R0_003.png,6
.\Top_R3\Top_R0_011.png,23
.\Front_R0\Front_R0_049.png,8
.\Back_R0\Back_R0_047.png,0
.\Top_R0\Top_R0_025.png,20
.\Back_R2\Back_R0_100.png,2
.\Top_R1\Top_R0_117.png,21
.\empty\Empty_252.png,24
.\Bottom_R0\Bottom_R0_063.png,4
.\Left_R3\Left_R0_046.png,15
.\empty\Empty_187.png,24
.\Right_R1\Right_R0_064.png,17
.\Front_R0\Front_R0_083.png,8
.\Bottom_R3\Bottom_R0_099.png,7
.\empty\Empty_279.png,24
.\Back_R0\Back_R0_115.png,0
.\Left_R2\Left_R0_043.png,14
.\Top_R0\Top_R0_004.png,20
.\Back_R2\Back_R0_013.png,2
.\Front_R2\Front_R0_112.png,10
.\Top_R1\Top_R0_030.png,21
.\Bottom_R2\Bottom_R0_058.png,6
.\Bottom_R3\Bottom_R0_054.png,7
.\Back_R0\Back_R0_117.png,0
.\Back_R0\Back_R0_054.png,0
.\Bottom_R2\Bottom_R0_099.png,6
.\Right_R2\Right_R0_075.png,18
.\Back_R3\Back_R0_046.png,3
.\Front_R3\Front_R0_058.png,11
.\empty\Empty_204.png,24
.\Front_R1\Front_R0_064.png,9
.\Bottom_R1\Bottom_R0_021.png,5
.\Left_R1\Left_R0_030.png,13
.\Back_R3\Back_R0_088.png,3
.\Right_R2\Right_R0_013.png,18
.\Left_R0\Left_R0_021.png,12
.\Front_R0\Front_R0_043.png,8
.\Back_R2\Back_R0_102.png,2
.\Top_R2\Top_R0_118.png,22
.\Front_R1\Front_R0_071.png,9
.\Top_R1\Top_R0_105.png,21
.\Front_R3\Front_R0_064.png,11
.\Bottom_R0\Bottom_R0_075.png,4
.\Back_R1\Back_R0_037.png,1
.\Left_R3\Left_R0_096.png,15
.\Bottom_R1\Bottom_R0_000.png,5
.\Right_R0\Right_R0_084.png,16
.\Top_R2\Top_R0_119.png,22
.\Top_R3\Top_R0_007.png,23
.\Right_R3\Right_R0_029.png,19
.\Front_R2\Front_R0_076.png,10
.\Left_R2\Left_R0_024.png,14
.\Right_R1\Right_R0_080.png,17
.\Top_R0\Top_R0_027.png,20
.\Front_R2\Front_R0_030.png,10
.\Left_R2\Left_R0_098.png,14
.\Front_R3\Front_R0_108.png,11
.\Right_R3\Right_R0_000.png,19
.\Top_R3\Top_R0_071.png,23
.\Bottom_R0\Bottom_R0_107.png,4
.\Front_R1\Front_R0_094.png,9
.\Bottom_R1\Bottom_R0_051.png,5
.\Back_R1\Back_R0_048.png,1
.\Top_R3\Top_R0_092.png,23
.\Front_R0\Front_R0_014.png,8
.\Bottom_R3\Bottom_R0_058.png,7
.\empty\Empty_286.png,24
.\Top_R0\Top_R0_104.png,20
.\Front_R0\Front_R0_109.png,8
.\Back_R1\Back_R0_007.png,1
.\Bottom_R1\Bottom_R0_029.png,5
.\Back_R3\Back_R0_051.png,3
.\Right_R1\Right_R0_050.png,17
.\Left_R2\Left_R0_048.png,14
.\Front_R1\Front_R0_054.png,9
.\Back_R2\Back_R0_111.png,2
.\Front_R0\Front_R0_112.png,8
.\Back_R1\Back_R0_098.png,1
.\empty\Empty_060.png,24
.\Front_R2\Front_R0_056.png,10
.\empty\Empty_219.png,24
.\Bottom_R0\Bottom_R0_092.png,4
.\Top_R3\Top_R0_081.png,23
.\Right_R1\Right_R0_083.png,17
.\Right_R3\Right_R0_073.png,19
.\Bottom_R3\Bottom_R0_035.png,7
.\Left_R2\Left_R0_111.png,14
.\Front_R1\Front_R0_111.png,9
.\Top_R2\Top_R0_017.png,22
.\Top_R2\Top_R0_022.png,22
.\Top_R1\Top_R0_044.png,21
.\Back_R3\Back_R0_017.png,3
.\Right_R1\Right_R0_001.png,17
.\Top_R0\Top_R0_095.png,20
.\Front_R1\Front_R0_052.png,9
.\Right_R3\Right_R0_053.png,19
.\Front_R2\Front_R0_026.png,10
.\empty\Empty_320.png,24
.\Front_R2\Front_R0_108.png,10
.\Right_R3\Right_R0_085.png,19
.\Front_R2\Front_R0_047.png,10
.\Top_R0\Top_R0_097.png,20
.\Right_R3\Right_R0_080.png,19
.\Bottom_R0\Bottom_R0_101.png,4
.\Bottom_R3\Bottom_R0_096.png,7
.\Left_R3\Left_R0_082.png,15
.\Right_R3\Right_R0_015.png,19
.\Bottom_R1\Bottom_R0_044.png,5
.\empty\Empty_193.png,24
.\Left_R1\Left_R0_097.png,13
.\Top_R0\Top_R0_114.png,20
.\Back_R3\Back_R0_009.png,3
.\Front_R2\Front_R0_044.png,10
.\Left_R1\Left_R0_028.png,13
.\Top_R3\Top_R0_029.png,23
.\Top_R2\Top_R0_110.png,22
.\Bottom_R3\Bottom_R0_045.png,7
.\empty\Empty_059.png,24
.\Bottom_R0\Bottom_R0_066.png,4
.\Bottom_R2\Bottom_R0_000.png,6
.\Left_R2\Left_R0_072.png,14
.\empty\Empty_177.png,24
.\Front_R3\Front_R0_050.png,11
.\Back_R1\Back_R0_092.png,1
.\empty\Empty_306.png,24
.\Front_R2\Front_R0_101.png,10
.\Front_R0\Front_R0_078.png,8
.\Top_R3\Top_R0_116.png,23
.\Top_R2\Top_R0_044.png,22
.\Left_R3\Left_R0_094.png,15
.\Front_R3\Front_R0_055.png,11
.\Left_R1\Left_R0_089.png,13
.\Front_R2\Front_R0_063.png,10
.\Left_R0\Left_R0_094.png,12
.\Right_R1\Right_R0_102.png,17
.\Front_R1\Front_R0_061.png,9
.\Top_R3\Top_R0_061.png,23
.\Left_R0\Left_R0_119.png,12
.\Back_R0\Back_R0_009.png,0
.\empty\Empty_250.png,24
.\Left_R3\Left_R0_030.png,15
.\Left_R2\Left_R0_103.png,14
.\Back_R3\Back_R0_086.png,3
.\Left_R2\Left_R0_028.png,14
.\Back_R2\Back_R0_105.png,2
.\Right_R1\Right_R0_049.png,17
.\Front_R1\Front_R0_004.png,9
.\Right_R1\Right_R0_067.png,17
.\Left_R1\Left_R0_053.png,13
.\Bottom_R1\Bottom_R0_073.png,5
.\Bottom_R0\Bottom_R0_018.png,4
.\Bottom_R0\Bottom_R0_108.png,4
.\Top_R0\Top_R0_112.png,20
.\Bottom_R3\Bottom_R0_071.png,7
.\Top_R3\Top_R0_038.png,23
.\Left_R3\Left_R0_070.png,15
.\Back_R2\Back_R0_094.png,2
.\Front_R2\Front_R0_102.png,10
.\Top_R1\Top_R0_076.png,21
.\empty\Empty_278.png,24
.\Front_R2\Front_R0_069.png,10
.\Left_R3\Left_R0_043.png,15
.\Back_R0\Back_R0_105.png,0
.\Back_R1\Back_R0_073.png,1
.\Top_R0\Top_R0_073.png,20
.\Front_R1\Front_R0_005.png,9
.\Left_R1\Left_R0_037.png,13
.\Front_R0\Front_R0_010.png,8
.\Left_R3\Left_R0_060.png,15
.\Right_R1\Right_R0_086.png,17
.\Right_R0\Right_R0_023.png,16
.\Back_R0\Back_R0_083.png,0
.\Back_R1\Back_R0_095.png,1
.\Left_R1\Left_R0_039.png,13
.\Back_R0\Back_R0_072.png,0
.\Top_R3\Top_R0_073.png,23
.\empty\Empty_050.png,24
.\Right_R0\Right_R0_077.png,16
.\Top_R3\Top_R0_005.png,23
.\Front_R1\Front_R0_083.png,9
.\Top_R0\Top_R0_086.png,20
.\Front_R0\Front_R0_120.png,8
.\Front_R2\Front_R0_079.png,10
.\empty\Empty_148.png,24
.\Front_R0\Front_R0_090.png,8
.\Top_R3\Top_R0_002.png,23
.\Back_R3\Back_R0_075.png,3
.\Back_R1\Back_R0_029.png,1
.\empty\Empty_288.png,24
.\Back_R0\Back_R0_074.png,0
.\Front_R1\Front_R0_048.png,9
.\empty\Empty_067.png,24
.\Bottom_R1\Bottom_R0_034.png,5
.\Back_R0\Back_R0_086.png,0
.\Bottom_R0\Bottom_R0_001.png,4
.\Back_R2\Back_R0_022.png,2
.\Front_R0\Front_R0_063.png,8
.\Bottom_R0\Bottom_R0_096.png,4
.\empty\Empty_258.png,24
.\Front_R3\Front_R0_008.png,11
.\Bottom_R2\Bottom_R0_107.png,6
.\Left_R3\Left_R0_088.png,15
.\Front_R3\Front_R0_070.png,11
.\Top_R3\Top_R0_080.png,23
.\Front_R2\Front_R0_025.png,10
.\Right_R0\Right_R0_022.png,16
.\Front_R3\Front_R0_115.png,11
.\Top_R3\Top_R0_035.png,23
.\Bottom_R0\Bottom_R0_067.png,4
.\Back_R3\Back_R0_079.png,3
.\Back_R0\Back_R0_023.png,0
.\Right_R2\Right_R0_044.png,18
.\empty\Empty_119.png,24
.\Back_R0\Back_R0_046.png,0
.\Left_R0\Left_R0_024.png,12
.\Front_R1\Front_R0_093.png,9
.\Left_R0\Left_R0_086.png,12
.\Right_R0\Right_R0_091.png,16
.\Bottom_R0\Bottom_R0_019.png,4
.\Front_R1\Front_R0_042.png,9
.\Bottom_R3\Bottom_R0_075.png,7
.\Top_R1\Top_R0_009.png,21
.\Bottom_R2\Bottom_R0_084.png,6
.\Right_R2\Right_R0_078.png,18
.\Front_R1\Front_R0_067.png,9
.\Top_R1\Top_R0_057.png,21
.\Left_R3\Left_R0_023.png,15
.\Top_R2\Top_R0_009.png,22
.\Top_R1\Top_R0_015.png,21
.\Back_R3\Back_R0_119.png,3
.\Front_R2\Front_R0_099.png,10
.\Right_R1\Right_R0_022.png,17
.\Top_R0\Top_R0_023.png,20
.\Right_R3\Right_R0_088.png,19
.\Left_R2\Left_R0_064.png,14
.\empty\Empty_208.png,24
.\empty\Empty_270.png,24
.\Front_R1\Front_R0_019.png,9
.\Bottom_R1\Bottom_R0_098.png,5
.\empty\Empty_082.png,24
.\Back_R2\Back_R0_109.png,2
.\Back_R3\Back_R0_118.png,3
.\Top_R3\Top_R0_054.png,23
.\empty\Empty_155.png,24
.\Top_R2\Top_R0_106.png,22
.\Right_R0\Right_R0_081.png,16
.\Right_R0\Right_R0_090.png,16
.\Top_R2\Top_R0_013.png,22
.\empty\Empty_109.png,24
.\Front_R2\Front_R0_068.png,10
.\Left_R3\Left_R0_031.png,15
.\Bottom_R3\Bottom_R0_015.png,7
.\Back_R1\Back_R0_057.png,1
.\Top_R0\Top_R0_049.png,20
.\Left_R0\Left_R0_033.png,12
.\empty\Empty_260.png,24
.\Front_R3\Front_R0_023.png,11
.\Right_R2\Right_R0_094.png,18
.\Back_R0\Back_R0_040.png,0
.\Back_R0\Back_R0_010.png,0
.\Back_R0\Back_R0_109.png,0
.\Right_R0\Right_R0_018.png,16
.\empty\Empty_241.png,24
.\Bottom_R0\Bottom_R0_065.png,4
.\Left_R2\Left_R0_023.png,14
.\Right_R0\Right_R0_016.png,16
.\Right_R0\Right_R0_040.png,16
.\Top_R3\Top_R0_052.png,23
.\empty\Empty_163.png,24
.\Back_R0\Back_R0_102.png,0
.\empty\Empty_054.png,24
.\Back_R3\Back_R0_065.png,3
.\Right_R1\Right_R0_057.png,17
.\empty\Empty_199.png,24
.\Bottom_R0\Bottom_R0_070.png,4
.\Bottom_R0\Bottom_R0_076.png,4
.\Bottom_R2\Bottom_R0_095.png,6
.\Left_R2\Left_R0_057.png,14
.\Top_R3\Top_R0_118.png,23
.\Bottom_R3\Bottom_R0_101.png,7
.\Front_R0\Front_R0_037.png,8
.\Front_R3\Front_R0_041.png,11
.\empty\Empty_149.png,24
.\Left_R3\Left_R0_051.png,15
.\Back_R1\Back_R0_024.png,1
.\empty\Empty_115.png,24
.\Top_R3\Top_R0_079.png,23
.\Top_R1\Top_R0_056.png,21
.\Right_R1\Right_R0_097.png,17
.\Front_R2\Front_R0_017.png,10
.\empty\Empty_078.png,24
.\Back_R3\Back_R0_020.png,3
.\empty\Empty_121.png,24
.\Back_R0\Back_R0_095.png,0
.\Top_R3\Top_R0_022.png,23
.\Front_R0\Front_R0_019.png,8
.\Front_R0\Front_R0_122.png,8
.\Back_R2\Back_R0_088.png,2
.\Right_R2\Right_R0_045.png,18
.\Right_R0\Right_R0_074.png,16
.\Right_R1\Right_R0_042.png,17
.\Front_R3\Front_R0_003.png,11
.\Right_R1\Right_R0_034.png,17
.\empty\Empty_102.png,24
.\Right_R3\Right_R0_060.png,19
.\Left_R2\Left_R0_001.png,14
.\empty\Empty_052.png,24
.\Back_R2\Back_R0_093.png,2
.\Left_R3\Left_R0_118.png,15
.\Back_R3\Back_R0_122.png,3
.\Top_R3\Top_R0_093.png,23
.\Bottom_R3\Bottom_R0_008.png,7
.\Back_R2\Back_R0_025.png,2
.\Left_R3\Left_R0_099.png,15
.\Left_R0\Left_R0_107.png,12
.\Left_R0\Left_R0_044.png,12
.\Back_R2\Back_R0_097.png,2
.\Front_R0\Front_R0_067.png,8
.\Back_R2\Back_R0_009.png,2
.\Bottom_R2\Bottom_R0_026.png,6
.\Top_R3\Top_R0_018.png,23
.\Bottom_R1\Bottom_R0_052.png,5
.\Left_R1\Left_R0_062.png,13
.\Back_R3\Back_R0_094.png,3
.\Right_R1\Right_R0_068.png,17
.\Front_R2\Front_R0_122.png,10
.\Front_R1\Front_R0_025.png,9
.\Back_R1\Back_R0_005.png,1
.\Back_R1\Back_R0_090.png,1
.\Top_R1\Top_R0_037.png,21
.\empty\Empty_311.png,24
.\Bottom_R3\Bottom_R0_007.png,7
.\Top_R1\Top_R0_062.png,21
.\Bottom_R2\Bottom_R0_040.png,6
.\Right_R0\Right_R0_063.png,16
.\Left_R2\Left_R0_053.png,14
.\Back_R2\Back_R0_120.png,2
.\Back_R1\Back_R0_112.png,1
.\Top_R0\Top_R0_021.png,20
.\Left_R3\Left_R0_100.png,15
.\Front_R3\Front_R0_028.png,11
.\Bottom_R0\Bottom_R0_044.png,4
.\Top_R1\Top_R0_035.png,21
.\Front_R1\Front_R0_114.png,9
.\Top_R2\Top_R0_076.png,22
.\Back_R1\Back_R0_006.png,1
.\Bottom_R0\Bottom_R0_080.png,4
.\Bottom_R2\Bottom_R0_017.png,6
.\Back_R1\Back_R0_017.png,1
.\Left_R1\Left_R0_058.png,13
.\Bottom_R1\Bottom_R0_105.png,5
.\Left_R1\Left_R0_112.png,13
.\Top_R1\Top_R0_075.png,21
.\Right_R0\Right_R0_029.png,16
.\Back_R2\Back_R0_029.png,2
.\empty\Empty_309.png,24
.\Bottom_R2\Bottom_R0_015.png,6
.\Right_R0\Right_R0_045.png,16
.\Left_R2\Left_R0_107.png,14
.\Left_R1\Left_R0_023.png,13
.\Front_R3\Front_R0_120.png,11
.\empty\Empty_307.png,24
.\Top_R2\Top_R0_056.png,22
.\Right_R2\Right_R0_012.png,18
.\Front_R2\Front_R0_095.png,10
.\Back_R2\Back_R0_123.png,2
.\Front_R1\Front_R0_084.png,9
.\Top_R0\Top_R0_102.png,20
.\Bottom_R2\Bottom_R0_057.png,6
.\empty\Empty_083.png,24
.\Bottom_R0\Bottom_R0_082.png,4
.\Left_R1\Left_R0_047.png,13
.\Front_R2\Front_R0_039.png,10
.\Front_R1\Front_R0_009.png,9
.\empty\Empty_245.png,24
.\empty\Empty_284.png,24
.\Left_R3\Left_R0_116.png,15
.\Top_R2\Top_R0_023.png,22
.\Right_R1\Right_R0_016.png,17
.\Bottom_R0\Bottom_R0_084.png,4
.\empty\Empty_262.png,24
.\Left_R0\Left_R0_115.png,12
.\Top_R0\Top_R0_093.png,20
.\Front_R2\Front_R0_074.png,10
.\Left_R3\Left_R0_117.png,15
.\Back_R2\Back_R0_119.png,2
.\Back_R3\Back_R0_102.png,3
.\Left_R2\Left_R0_041.png,14
.\Back_R2\Back_R0_122.png,2
.\Front_R2\Front_R0_009.png,10
.\empty\Empty_271.png,24
.\Bottom_R1\Bottom_R0_092.png,5
.\Left_R0\Left_R0_081.png,12
.\Bottom_R0\Bottom_R0_073.png,4
.\Bottom_R0\Bottom_R0_011.png,4
.\Back_R3\Back_R0_047.png,3
.\Bottom_R0\Bottom_R0_024.png,4
.\Left_R1\Left_R0_092.png,13
.\Back_R0\Back_R0_017.png,0
.\Bottom_R0\Bottom_R0_002.png,4
.\empty\Empty_143.png,24
.\Back_R0\Back_R0_123.png,0
.\Left_R0\Left_R0_000.png,12
.\Back_R3\Back_R0_064.png,3
.\Right_R0\Right_R0_021.png,16
.\empty\Empty_133.png,24
.\Left_R3\Left_R0_020.png,15
.\Right_R2\Right_R0_040.png,18
.\Bottom_R1\Bottom_R0_104.png,5
.\Front_R0\Front_R0_073.png,8
.\Back_R1\Back_R0_101.png,1
.\Front_R2\Front_R0_113.png,10
.\Right_R2\Right_R0_084.png,18
.\Right_R1\Right_R0_014.png,17
.\Back_R2\Back_R0_049.png,2
.\Bottom_R3\Bottom_R0_000.png,7
.\empty\Empty_120.png,24
.\Top_R0\Top_R0_005.png,20
.\Left_R2\Left_R0_092.png,14
.\Top_R0\Top_R0_032.png,20
.\Front_R0\Front_R0_001.png,8
.\Back_R3\Back_R0_106.png,3
.\empty\Empty_300.png,24
.\Bottom_R1\Bottom_R0_010.png,5
.\Right_R3\Right_R0_023.png,19
.\Top_R3\Top_R0_044.png,23
.\Front_R3\Front_R0_057.png,11
.\Left_R3\Left_R0_104.png,15
.\Bottom_R1\Bottom_R0_071.png,5
.\Front_R2\Front_R0_045.png,10
.\Top_R0\Top_R0_011.png,20
.\Back_R1\Back_R0_041.png,1
.\empty\Empty_162.png,24
.\Front_R0\Front_R0_061.png,8
.\Right_R1\Right_R0_013.png,17
.\Back_R0\Back_R0_088.png,0
.\Front_R2\Front_R0_086.png,10
.\Right_R3\Right_R0_049.png,19
.\Back_R3\Back_R0_050.png,3
.\Front_R2\Front_R0_070.png,10
.\Back_R1\Back_R0_076.png,1
.\empty\Empty_004.png,24
.\Left_R0\Left_R0_052.png,12
.\Back_R2\Back_R0_124.png,2
.\Right_R2\Right_R0_032.png,18
.\empty\Empty_298.png,24
.\Back_R3\Back_R0_125.png,3
.\Bottom_R0\Bottom_R0_045.png,4
.\Top_R3\Top_R0_034.png,23
.\Bottom_R0\Bottom_R0_091.png,4
.\Top_R1\Top_R0_048.png,21
.\Bottom_R2\Bottom_R0_086.png,6
.\Right_R1\Right_R0_010.png,17
.\Left_R0\Left_R0_087.png,12
.\Bottom_R3\Bottom_R0_040.png,7
.\Top_R3\Top_R0_110.png,23
.\empty\Empty_064.png,24
.\Left_R0\Left_R0_090.png,12
.\Right_R1\Right_R0_018.png,17
.\empty\Empty_205.png,24
.\Bottom_R2\Bottom_R0_009.png,6
.\Left_R1\Left_R0_055.png,13
.\Back_R0\Back_R0_042.png,0
.\Top_R3\Top_R0_036.png,23
.\Bottom_R1\Bottom_R0_103.png,5
.\Bottom_R2\Bottom_R0_006.png,6
.\Top_R3\Top_R0_112.png,23
.\Front_R1\Front_R0_081.png,9
.\Left_R0\Left_R0_056.png,12
.\Front_R0\Front_R0_064.png,8
.\Left_R0\Left_R0_069.png,12
.\Left_R2\Left_R0_011.png,14
.\Front_R1\Front_R0_085.png,9
.\Right_R3\Right_R0_070.png,19
.\Right_R2\Right_R0_083.png,18
.\Left_R2\Left_R0_056.png,14
.\Left_R1\Left_R0_046.png,13
.\Bottom_R1\Bottom_R0_106.png,5
.\Front_R0\Front_R0_060.png,8
.\Back_R1\Back_R0_049.png,1
.\Left_R2\Left_R0_095.png,14
.\Back_R3\Back_R0_105.png,3
.\Top_R0\Top_R0_050.png,20
.\Left_R2\Left_R0_077.png,14
.\Front_R2\Front_R0_128.png,10
.\Top_R1\Top_R0_066.png,21
.\empty\Empty_043.png,24
.\Right_R3\Right_R0_025.png,19
.\Bottom_R0\Bottom_R0_095.png,4
.\Front_R1\Front_R0_018.png,9
.\Bottom_R0\Bottom_R0_059.png,4
.\Back_R0\Back_R0_066.png,0
.\Left_R1\Left_R0_076.png,13
.\Bottom_R3\Bottom_R0_100.png,7
.\Top_R1\Top_R0_027.png,21
.\Front_R1\Front_R0_096.png,9
.\Front_R0\Front_R0_123.png,8
.\Right_R2\Right_R0_046.png,18
.\Bottom_R2\Bottom_R0_034.png,6
.\Right_R0\Right_R0_041.png,16
.\Bottom_R3\Bottom_R0_090.png,7
.\Top_R2\Top_R0_099.png,22
.\Back_R0\Back_R0_114.png,0
.\Top_R1\Top_R0_026.png,21
.\Front_R3\Front_R0_027.png,11
.\Front_R1\Front_R0_022.png,9
.\Front_R1\Front_R0_068.png,9
.\empty\Empty_191.png,24
.\Left_R2\Left_R0_093.png,14
.\Left_R2\Left_R0_080.png,14
.\Back_R2\Back_R0_115.png,2
.\Bottom_R2\Bottom_R0_055.png,6
.\Front_R3\Front_R0_114.png,11
.\Bottom_R3\Bottom_R0_067.png,7
.\Front_R3\Front_R0_126.png,11
.\Back_R2\Back_R0_076.png,2
.\Top_R2\Top_R0_060.png,22
.\Front_R3\Front_R0_107.png,11
.\empty\Empty_154.png,24
